Domain,Filename,Method,Payload_Rate,LSB_Bits,Message_Bytes,PSNR,SNR,SF_Cover,SF_Stego,SF_Change,Entropy_Cover,Entropy_Stego,Entropy_Change,Extraction_OK,BER,Encode_Seconds,Decode_Seconds,stat_chi_square,stat_rs_analysis,stat_spa,stat_histogram,det_chi_square,det_rs_analysis,det_spa,det_histogram,Detected_Count,Discriminative_Detected,Verdict
ambient,nature1.wav,Control,0%,1,0,,,0.11181143503495773,0.11181143503495773,0.0,0.9999945363459134,0.9999945363459134,0.0,,,,,0.978261,0.000439,0.00032024,0.977771,0,0,0,0,0,0,SAFE
ambient,nature1.wav,Sequential,1%,1,3789,113.37669295040203,82.82821504454094,0.11181143503495773,0.11223670732603871,0.0004252722910809831,0.9999945363459134,0.9999999838804688,5.44753455544722e-06,1,0.0,0.0338,0.0199,1.0,0.005737,0.00300417,0.98058,0,0,0,0,0,0,SAFE
ambient,nature1.wav,Randomized,1%,1,3789,113.32415092965363,82.77567302379255,0.11181143503495773,0.11228512345373534,0.0004736884187776097,0.9999945363459134,0.9999947035187258,1.67172812370886e-07,1,0.0,0.0544,0.0385,0.978261,0.001663,0.00066357,0.97782,0,0,0,0,0,0,SAFE
ambient,nature1.wav,Adaptive,1%,1,3789,113.36407060371127,82.81559269785019,0.11181143503495773,0.11228757508422574,0.00047614004926800624,0.9999945363459134,0.9999941754904494,3.608554639544792e-07,1,0.0,1.2348,2.8703,0.978261,0.001622,0.00090618,0.977887,0,0,0,0,0,0,SAFE
ambient,nature1.wav,Sequential,5%,1,19108,106.33473472962017,75.78625682375909,0.11181143503495773,0.1139749531758188,0.002163518140861062,0.9999945363459134,0.9999999360837724,5.399737858957643e-06,1,0.0,0.2105,0.1566,1.0,0.010178,0.00470591,0.980741,0,0,0,0,0,0,SAFE
ambient,nature1.wav,Randomized,5%,1,19108,106.33479150051173,75.78631359465065,0.11181143503495773,0.1140310109188404,0.002219575883882663,0.9999945363459134,0.999994523378881,1.2967032447797067e-08,1,0.0,0.353,0.2946,0.978261,0.007243,0.00294524,0.977993,0,0,0,0,0,0,SAFE
ambient,nature1.wav,Adaptive,5%,1,19108,106.35003291223296,75.80155500637188,0.11181143503495773,0.11400800441888188,0.002196569383924152,0.9999945363459134,0.9999941861899051,3.5015600829968463e-07,1,0.0,1.604,2.8964,0.978261,0.005598,0.00214388,0.976514,0,0,0,0,0,0,SAFE
ambient,nature1.wav,Sequential,10%,1,38257,103.32469024783668,72.77621234197561,0.11181143503495773,0.1157341765040838,0.003922741469126065,0.9999945363459134,0.9999998134666983,5.2771207849078294e-06,1,0.0,0.376,0.2777,1.0,0.016312,0.00717177,0.980893,0,0,0,0,0,0,SAFE
ambient,nature1.wav,Randomized,10%,1,38257,103.311000958134,72.76252305227291,0.11181143503495773,0.11583281669397273,0.004021381659015,0.9999945363459134,0.9999960780257591,1.5416798456735492e-06,1,0.0,0.6625,0.5676,0.978261,0.014528,0.00551551,0.97818,0,0,0,0,0,0,SAFE
ambient,nature1.wav,Adaptive,10%,1,38257,103.31604085293822,72.76756294707712,0.11181143503495773,0.1158651951925492,0.004053760157591471,0.9999945363459134,0.9999945311609449,5.1849684545857144e-09,1,0.0,1.7813,3.0301,0.978261,0.011324,0.0043484,0.976439,0,0,0,0,0,0,SAFE
ambient,nature1.wav,Sequential,25%,1,95704,99.3448643780378,68.79638647217672,0.11181143503495773,0.11976501547219207,0.007953580437234334,0.9999945363459134,0.9999999926150962,5.456269182801954e-06,1,0.0,0.8851,0.671,0.978261,0.041371,0.01662915,0.980638,0,1,1,0,2,2,DETECTED
ambient,nature1.wav,Randomized,25%,1,95704,99.3282291075233,68.77975120166222,0.11181143503495773,0.11977799202983988,0.007966556994882149,0.9999945363459134,0.999996613927228,2.0775813146522992e-06,1,0.0,1.994,1.8277,0.978261,0.035323,0.01332043,0.978591,0,1,1,0,2,2,DETECTED
ambient,nature1.wav,Adaptive,25%,1,95704,99.33908920724014,68.79061130137906,0.11181143503495773,0.11978254936683849,0.00797111433188076,0.9999945363459134,0.9999954579840319,9.216381184895539e-07,1,0.0,2.3206,3.4764,0.978261,0.029482,0.01183047,0.97878,0,1,1,0,2,2,DETECTED
ambient,nature1.wav,Sequential,50%,1,191448,96.33110860758802,65.78263070172693,0.11181143503495773,0.12411573383281235,0.012304298797854621,0.9999945363459134,0.999999301915464,4.765569550646553e-06,1,0.0,1.7653,1.3745,0.978261,0.06808,0.02684956,0.980899,0,1,1,0,2,2,DETECTED
ambient,nature1.wav,Randomized,50%,1,191448,96.33267444849879,65.7841965426377,0.11181143503495773,0.12411973957591006,0.01230830454095233,0.9999945363459134,0.9999964737573813,1.9374114679227006e-06,1,0.0,3.8771,3.5883,0.978261,0.066573,0.02567466,0.979587,0,1,1,0,2,2,DETECTED
ambient,nature1.wav,Adaptive,50%,1,191448,96.32626715103002,65.77778924516895,0.11181143503495773,0.12410841339103516,0.012296978356077432,0.9999945363459134,0.9999960889978556,1.5526519422381924e-06,1,0.0,3.2732,4.2623,0.978261,0.064095,0.0244013,0.979056,0,1,1,0,2,2,DETECTED
ambient,nature10.wav,Control,0%,1,0,,,0.0674836021766248,0.0674836021766248,0.0,0.9999788233253931,0.9999788233253931,0.0,,,,,0.918919,0.002111,0.00219752,0.971701,0,0,0,0,0,0,SAFE
ambient,nature10.wav,Sequential,1%,1,3016,113.37644022461782,83.70342433513427,0.0674836021766248,0.06758043060526697,9.682842864217056e-05,0.9999788233253931,0.9999915841424134,1.2760817020285309e-05,1,0.0,0.0773,0.0391,0.945946,0.004738,0.00328511,0.971771,0,0,0,0,0,0,SAFE
ambient,nature10.wav,Randomized,1%,1,3016,113.31318453051951,83.64016864103596,0.0674836021766248,0.0675905130522572,0.00010691087563240165,0.9999788233253931,0.9999794390439352,6.157185420407885e-07,1,0.0,0.0948,0.063,0.918919,0.001973,0.00214286,0.971652,0,0,0,0,0,0,SAFE
ambient,nature10.wav,Adaptive,1%,1,3016,113.32206326939115,83.64904737990761,0.0674836021766248,0.0675881703560554,0.00010456817943059471,0.9999788233253931,0.999979052899539,2.295741459157341e-07,1,0.0,1.1269,2.1559,0.918919,0.001973,0.00218406,0.971667,0,0,0,0,0,0,SAFE
ambient,nature10.wav,Sequential,5%,1,15240,106.31674876469066,76.64373287520709,0.0674836021766248,0.06798874842490199,0.0005051462482771885,0.9999788233253931,0.9999923787228238,1.355539743064238e-05,1,0.0,0.1814,0.1218,0.945946,0.00536,0.00327163,0.971635,0,0,0,0,0,0,SAFE
ambient,nature10.wav,Randomized,5%,1,15240,106.32596870489678,76.65295281541323,0.0674836021766248,0.06798696499252178,0.0005033628158969822,0.9999788233253931,0.99998225283031,3.4295049168298064e-06,1,0.0,0.2854,0.2369,0.945946,0.002493,0.00212773,0.971675,0,0,0,0,0,0,SAFE
ambient,nature10.wav,Adaptive,5%,1,15240,106.33905201559868,76.66603612611513,0.0674836021766248,0.06799975909015175,0.0005161569135269523,0.9999788233253931,0.9999810869425159,2.2636171227441437e-06,1,0.0,1.2426,2.2512,0.945946,0.003851,0.00272503,0.971499,0,0,0,0,0,0,SAFE
ambient,nature10.wav,Sequential,10%,1,30521,103.32071253068439,73.64769664120084,0.0674836021766248,0.06846370260143382,0.000980100424809019,0.9999788233253931,0.9999938428110123,1.501948561921651e-05,1,0.0,0.3147,0.2288,0.972973,0.006525,0.00340732,0.971174,0,0,0,0,0,0,SAFE
ambient,nature10.wav,Randomized,10%,1,30521,103.3131490519877,73.64013316250414,0.0674836021766248,0.06844823378298753,0.0009646316063627314,0.9999788233253931,0.999982816106539,3.992781145933932e-06,1,0.0,0.6406,0.4643,0.972973,0.00554,0.00284626,0.97125,0,0,0,0,0,0,SAFE
ambient,nature10.wav,Adaptive,10%,1,30521,103.30464257534261,73.63162668585906,0.0674836021766248,0.06847088756516855,0.0009872853885437433,0.9999788233253931,0.9999780034460788,8.198793143288086e-07,1,0.0,1.3674,2.3512,0.945946,0.004774,0.00355569,0.971902,0,0,0,0,0,0,SAFE
ambient,nature10.wav,Sequential,25%,1,76363,99.3399194904257,69.66690360094213,0.0674836021766248,0.0695893404184775,0.0021057382418527004,0.9999788233253931,0.9999945423498741,1.5719024480942423e-05,1,0.0,0.7099,0.5375,0.972973,0.011403,0.00530908,0.971327,0,0,0,0,0,0,SAFE
ambient,nature10.wav,Randomized,25%,1,76363,99.34713072097118,69.67411483148763,0.0674836021766248,0.06961106051677447,0.002127458340149671,0.9999788233253931,0.9999870003130444,8.176987651320466e-06,1,0.0,1.5906,1.4446,0.972973,0.010935,0.00411247,0.97095,0,0,0,0,0,0,SAFE
ambient,nature10.wav,Adaptive,25%,1,76363,99.34054484287199,69.66752895338844,0.0674836021766248,0.06961305018688514,0.0021294480102603403,0.9999788233253931,0.999980471673361,1.6483479678974788e-06,1,0.0,1.8273,2.7605,0.972973,0.010019,0.00428047,0.97137,0,0,0,0,0,0,SAFE
ambient,nature10.wav,Sequential,50%,1,152766,96.3305007381886,66.65748484870505,0.0674836021766248,0.07103937172107871,0.003555769544453913,0.9999788233253931,0.9999966928471336,1.7869521740432326e-05,1,0.0,1.3859,1.0596,0.972973,0.014502,0.00598044,0.970747,0,0,0,0,0,0,SAFE
ambient,nature10.wav,Randomized,50%,1,152766,96.33193663157859,66.65892074209503,0.0674836021766248,0.07106523985676277,0.0035816376801379723,0.9999788233253931,0.9999881175022446,9.294176851470937e-06,1,0.0,3.0058,2.775,0.972973,0.018651,0.0066052,0.970974,0,1,0,0,1,1,SUSPICIOUS
ambient,nature10.wav,Adaptive,50%,1,152766,96.33984254252368,66.66682665304013,0.0674836021766248,0.07103862706067002,0.003555024884045216,0.9999788233253931,0.9999956368171719,1.6813491778733258e-05,1,0.0,2.5699,3.2931,0.945946,0.014152,0.0048541,0.970197,0,0,0,0,0,0,SAFE
ambient,nature11.wav,Control,0%,1,0,,,0.2780875449979324,0.2780875449979324,0.0,0.9999791701950542,0.9999791701950542,0.0,,,,,0.954545,0.001036,-8.472e-05,0.97876,0,0,0,0,0,0,SAFE
ambient,nature11.wav,Sequential,1%,1,1842,113.36848915726901,70.34775617802256,0.2780875449979324,0.2785233051702075,0.00043576017227509034,0.9999791701950542,0.999996802159215,1.7631964160824687e-05,1,0.0,0.053,0.0247,1.0,0.003001,0.0019849,0.982024,0,0,0,0,0,0,SAFE
ambient,nature11.wav,Randomized,1%,1,1842,113.27043710143035,70.2497041221839,0.2780875449979324,0.2785744098175999,0.0004868648196674763,0.9999791701950542,0.9999801568666468,9.86671592539956e-07,1,0.0,0.0656,0.0359,0.954545,0.000972,-1.748e-05,0.978726,0,0,0,0,0,0,SAFE
ambient,nature11.wav,Adaptive,1%,1,1842,113.38017159825847,70.35943861901201,0.2780875449979324,0.27856266676683894,0.0004751217689065168,0.9999791701950542,0.9999800965300047,9.26334950523966e-07,1,0.0,0.6728,1.2861,0.954545,0.001264,-0.00014926,0.978601,0,0,0,0,0,0,SAFE
ambient,nature11.wav,Sequential,5%,1,9372,106.33583528653449,63.31510230728804,0.2780875449979324,0.28039171288006975,0.0023041678821373313,0.9999791701950542,0.9999959807627229,1.6810567668668064e-05,1,0.0,0.1167,0.0723,1.0,0.005142,0.00280377,0.982189,0,0,0,0,0,0,SAFE
ambient,nature11.wav,Randomized,5%,1,9372,106.3304092745179,63.309676295271444,0.2780875449979324,0.2802724236048202,0.0021848786068877635,0.9999791701950542,0.9999810214550506,1.8512599964104481e-06,1,0.0,0.181,0.1386,0.954545,0.001243,0.00037401,0.979157,0,0,0,0,0,0,SAFE
ambient,nature11.wav,Adaptive,5%,1,9372,106.33756842050589,63.31683544125944,0.2780875449979324,0.2802989513108565,0.0022114063129241024,0.9999791701950542,0.9999802471998706,1.0770048163299961e-06,1,0.0,0.7368,1.3464,0.954545,0.000786,0.00027846,0.978386,0,0,0,0,0,0,SAFE
ambient,nature11.wav,Sequential,10%,1,18785,103.32605519746778,60.30532221822134,0.2780875449979324,0.2823789872494768,0.004291442251544375,0.9999791701950542,0.9999959717129291,1.6801517874864835e-05,1,0.0,0.1955,0.1377,0.954545,0.002996,0.00202,0.981945,0,0,0,0,0,0,SAFE
ambient,nature11.wav,Randomized,10%,1,18785,103.32362968103018,60.30289670178374,0.2780875449979324,0.2822114326849251,0.004123887686992678,0.9999791701950542,0.9999799553883064,7.85193252195171e-07,1,0.0,0.3209,0.2687,0.954545,0.002746,0.00102853,0.979736,0,0,0,0,0,0,SAFE
ambient,nature11.wav,Adaptive,10%,1,18785,103.32865546919614,60.30792248994969,0.2780875449979324,0.282207866665568,0.004120321667635596,0.9999791701950542,0.9999817416957879,2.571500733683507e-06,1,0.0,0.8282,1.3965,0.954545,0.001434,0.00086145,0.979172,0,0,0,0,0,0,SAFE
ambient,nature11.wav,Sequential,25%,1,47024,99.34763725265088,56.32690427340443,0.2780875449979324,0.28705643649431034,0.008968891496377918,0.9999791701950542,0.9999953665037373,1.6196308683102956e-05,1,0.0,0.4319,0.3372,0.954545,0.00468,0.00271858,0.979015,0,0,0,0,0,0,SAFE
ambient,nature11.wav,Randomized,25%,1,47024,99.34167848910135,56.32094550985491,0.2780875449979324,0.2871017030766694,0.009014158078736956,0.9999791701950542,0.9999837279558056,4.557760751366935e-06,1,0.0,0.8988,0.6271,0.954545,0.005662,0.00152335,0.980813,0,0,0,0,0,0,SAFE
ambient,nature11.wav,Adaptive,25%,1,47024,99.33939415556702,56.318661176320575,0.2780875449979324,0.2870298994481283,0.008942354450195866,0.9999791701950542,0.9999759117962291,3.2583988250900475e-06,1,0.0,0.6572,0.9283,0.954545,0.005126,0.00090591,0.979144,0,0,0,0,0,0,SAFE
ambient,nature11.wav,Sequential,50%,1,94088,96.32511678927993,53.304383810033485,0.2780875449979324,0.2929010908169596,0.014813545819027163,0.9999791701950542,0.9999978385444367,1.8668349382466864e-05,1,0.0,0.4837,0.3541,0.954545,0.010831,0.0052249,0.978406,0,0,0,0,0,0,SAFE
ambient,nature11.wav,Randomized,50%,1,94088,96.32025661556835,53.299523636321894,0.2780875449979324,0.29286168612148594,0.01477414112355352,0.9999791701950542,0.9999941442618411,1.4974066786854756e-05,1,0.0,1.1708,1.0931,0.954545,0.008021,0.00248742,0.981815,0,0,0,0,0,0,SAFE
ambient,nature11.wav,Adaptive,50%,1,94088,96.32437935134608,53.303646372099635,0.2780875449979324,0.29280458928226233,0.014717044284329905,0.9999791701950542,0.999986066821771,6.896626716823562e-06,1,0.0,0.8916,1.1453,0.954545,0.0086,0.00259555,0.980163,0,0,0,0,0,0,SAFE
ambient,nature2.wav,Control,0%,1,0,,,0.04677526908138161,0.04677526908138161,0.0,0.9999880057526452,0.9999880057526452,0.0,,,,,0.975,0.00055,2.54e-05,0.986304,0,0,0,1,1,1,SUSPICIOUS
ambient,nature2.wav,Sequential,1%,1,3304,113.33356606703327,66.49298802242686,0.04677526908138161,0.04738011287788771,0.0006048437965060979,0.9999880057526452,0.9999935508434797,5.545090834502275e-06,1,0.0,0.0523,0.0239,0.975,0.004865,0.00223873,0.98756,0,0,0,1,1,1,SUSPICIOUS
ambient,nature2.wav,Randomized,1%,1,3304,113.34694153207188,66.50636348746545,0.04677526908138161,0.047425434376658665,0.000650165295277054,0.9999880057526452,0.9999882333346155,2.2758197026906402e-07,1,0.0,0.0714,0.0405,0.975,0.000834,0.00045507,0.986263,0,0,0,1,1,1,SUSPICIOUS
ambient,nature2.wav,Adaptive,1%,1,3304,113.3580647113235,66.51748666671706,0.04677526908138161,0.047431146419435966,0.0006558773380543545,0.9999880057526452,0.9999879088117541,9.694089109224535e-08,1,0.0,0.7028,1.3291,0.975,0.000341,0.00025806,0.986254,0,0,0,1,1,1,SUSPICIOUS
ambient,nature2.wav,Sequential,5%,1,16682,106.33072646877044,59.490148424164005,0.04677526908138161,0.04978309467531564,0.0030078255939340257,0.9999880057526452,0.999993408181471,5.40242882574038e-06,1,0.0,0.1234,0.0718,0.975,0.008728,0.00340489,0.987703,0,0,0,1,1,1,SUSPICIOUS
ambient,nature2.wav,Randomized,5%,1,16682,106.34875470921317,59.50817666460674,0.04677526908138161,0.04981768008786383,0.0030424110064822193,0.9999880057526452,0.9999893053528487,1.2996002034526555e-06,1,0.0,0.18,0.1436,0.975,0.004679,0.00180359,0.986302,0,0,0,1,1,1,SUSPICIOUS
ambient,nature2.wav,Adaptive,5%,1,16682,106.32475526756448,59.48417722295805,0.04677526908138161,0.04981275145703997,0.0030374823756583597,0.9999880057526452,0.9999899634515391,1.9576988938840856e-06,1,0.0,0.7785,1.4395,0.975,0.004688,0.00128127,0.986348,0,0,0,1,1,1,SUSPICIOUS
ambient,nature2.wav,Sequential,10%,1,33404,103.32140085642813,56.480822811821696,0.04677526908138161,0.05234575927064256,0.0055704901892609515,0.9999880057526452,0.9999945265920185,6.5208393732474335e-06,1,0.0,0.1925,0.1342,0.975,0.011371,0.00419499,0.987456,0,0,0,1,1,1,SUSPICIOUS
ambient,nature2.wav,Randomized,10%,1,33404,103.3195822571892,56.47900421258277,0.04677526908138161,0.05239412119819564,0.005618852116814031,0.9999880057526452,0.9999916370425074,3.6312898621382317e-06,1,0.0,0.3338,0.2962,0.975,0.010151,0.00338251,0.986847,0,0,0,1,1,1,SUSPICIOUS
ambient,nature2.wav,Adaptive,10%,1,33404,103.32832499379899,56.487746949192555,0.04677526908138161,0.052369299448951946,0.005594030367570335,0.9999880057526452,0.9999900597635435,2.0540108982558536e-06,1,0.0,0.8813,1.4741,0.975,0.010247,0.00256572,0.98639,0,0,0,1,1,1,SUSPICIOUS
ambient,nature2.wav,Sequential,25%,1,83570,99.333654479258,52.49307643465158,0.04677526908138161,0.05849284444451758,0.011717575363135967,0.9999880057526452,0.9999954711205379,7.4653678926450695e-06,1,0.0,0.4115,0.3154,0.975,0.02898,0.00986644,0.988432,0,1,1,1,3,3,DETECTED
ambient,nature2.wav,Randomized,25%,1,83570,99.34497712103519,52.50439907642877,0.04677526908138161,0.05850283079778069,0.011727561716399076,0.9999880057526452,0.9999907054679001,2.6997152549057546e-06,1,0.0,1.1332,1.0538,0.975,0.026307,0.00769533,0.987067,0,1,0,1,2,2,DETECTED
ambient,nature2.wav,Adaptive,25%,1,83570,99.3288072396181,52.488229195011684,0.04677526908138161,0.05857053657881898,0.011795267497437367,0.9999880057526452,0.9999935637353629,5.55798271761887e-06,1,0.0,1.145,1.7258,0.975,0.024767,0.00749877,0.986788,0,1,0,1,2,2,DETECTED
ambient,nature2.wav,Sequential,50%,1,167181,96.33548984180601,49.49491179719958,0.04677526908138161,0.06595031234486533,0.019175043263483717,0.9999880057526452,0.9999974281286647,9.422376019418977e-06,1,0.0,0.8247,0.6268,0.975,0.051561,0.01661885,0.988735,0,1,1,1,3,3,DETECTED
ambient,nature2.wav,Randomized,50%,1,167181,96.32985623935633,49.4892781947499,0.04677526908138161,0.0659434087925249,0.01916813971114329,0.9999880057526452,0.9999974989061197,9.493153474426919e-06,1,0.0,2.1696,1.978,0.975,0.053217,0.01511213,0.988269,0,1,1,1,3,3,DETECTED
ambient,nature2.wav,Adaptive,50%,1,167181,96.32842788254395,49.48784983793752,0.04677526908138161,0.06595137359549176,0.01917610451411015,0.9999880057526452,0.999995936781712,7.93102906671006e-06,1,0.0,1.6303,2.1898,0.975,0.053067,0.01506637,0.988113,0,1,1,1,3,3,DETECTED
ambient,nature3.wav,Control,0%,1,0,,,0.03772993927732012,0.03772993927732012,0.0,0.999997294067549,0.999997294067549,0.0,,,,,0.983051,0.000506,-6.026e-05,0.976728,0,0,0,0,0,0,SAFE
ambient,nature3.wav,Sequential,1%,1,4843,113.34516236266612,85.54054787655681,0.03772993927732012,0.03807499402911609,0.0003450547517959701,0.999997294067549,0.9999991389409939,1.8448734449005855e-06,1,0.0,0.0502,0.0292,0.983051,0.002269,0.0006956,0.976747,0,0,0,0,0,0,SAFE
ambient,nature3.wav,Randomized,1%,1,4843,113.36489184495159,85.56027735884228,0.03772993927732012,0.0380910750732649,0.00036113579594478085,0.999997294067549,0.9999970169345929,2.771329561390701e-07,1,0.0,0.0749,0.0491,0.983051,0.001479,0.00020409,0.976685,0,0,0,0,0,0,SAFE
ambient,nature3.wav,Adaptive,1%,1,4843,113.30109602815098,85.49648154204169,0.03772993927732012,0.03809136606118862,0.0003614267838684959,0.999997294067549,0.9999971270507474,1.6701680161101962e-07,1,0.0,1.0684,1.9947,0.983051,0.000795,2.907e-05,0.976701,0,0,0,0,0,0,SAFE
ambient,nature3.wav,Sequential,5%,1,24375,106.31502898789134,78.51041450178204,0.03772993927732012,0.03938412215482308,0.0016541828775029563,0.999997294067549,0.9999992022901484,1.908222599378284e-06,1,0.0,0.1494,0.1016,1.0,0.00632,0.00184715,0.976821,0,0,0,0,0,0,SAFE
ambient,nature3.wav,Randomized,5%,1,24375,106.3205285766366,78.5159140905273,0.03772993927732012,0.03939421878771189,0.0016642795103917682,0.999997294067549,0.9999973240262566,2.9958707625787895e-08,1,0.0,0.2519,0.2049,0.983051,0.003969,0.00091479,0.976748,0,0,0,0,0,0,SAFE
ambient,nature3.wav,Adaptive,5%,1,24375,106.33123725573121,78.52662276962191,0.03772993927732012,0.039386379610925525,0.0016564403336054023,0.999997294067549,0.9999970334342431,2.6063330593739664e-07,1,0.0,1.1255,2.0618,0.983051,0.001814,0.00044158,0.976494,0,0,0,0,0,0,SAFE
ambient,nature3.wav,Sequential,10%,1,48790,103.3221831748318,75.5175686887225,0.03772993927732012,0.040732024805337295,0.003002085528017173,0.999997294067549,0.9999992092654757,1.9151979266940344e-06,1,0.0,0.2535,0.1877,1.0,0.010782,0.00330715,0.976606,0,0,0,0,0,0,SAFE
ambient,nature3.wav,Randomized,10%,1,48790,103.31882457699278,75.51421009088348,0.03772993927732012,0.04075962357708508,0.0030296842997649606,0.999997294067549,0.9999964713235048,8.227440442265532e-07,1,0.0,0.7286,0.6688,0.983051,0.007207,0.00199042,0.976714,0,0,0,0,0,0,SAFE
ambient,nature3.wav,Adaptive,10%,1,48790,103.31709068898344,75.51247620287415,0.03772993927732012,0.04076569177946226,0.003035752502142136,0.999997294067549,0.9999984685107877,1.1744432386606718e-06,1,0.0,1.2805,2.203,0.983051,0.001651,5.445e-05,0.976465,0,0,0,0,0,0,SAFE
ambient,nature3.wav,Sequential,25%,1,122036,99.3466386675009,71.5420241813916,0.03772993927732012,0.04386922222758099,0.006139282950260866,0.999997294067549,0.9999996440801127,2.350012563656634e-06,1,0.0,0.6134,0.4688,0.983051,0.018464,0.00536183,0.976274,0,1,0,0,1,1,SUSPICIOUS
ambient,nature3.wav,Randomized,25%,1,122036,99.34613983168033,71.54152534557105,0.03772993927732012,0.043882216317745325,0.0061522770404252025,0.999997294067549,0.9999972954979356,1.4303865869536025e-09,1,0.0,1.6555,1.5318,0.983051,0.012717,0.00366908,0.976606,0,0,0,0,0,0,SAFE
ambient,nature3.wav,Adaptive,25%,1,122036,99.33351877105376,71.52890428494446,0.03772993927732012,0.04389187569521558,0.006161936417895461,0.999997294067549,0.9999984153210392,1.1212534901661186e-06,1,0.0,1.7272,2.5596,0.983051,0.005794,0.00157082,0.97673,0,0,0,0,0,0,SAFE
ambient,nature3.wav,Sequential,50%,1,244112,96.32649285260506,68.52187836649576,0.03772993927732012,0.04744084176521244,0.009710902487892317,0.999997294067549,0.9999994062939268,2.1122263778039496e-06,1,0.0,1.2448,0.9128,1.0,0.029281,0.0085766,0.976335,0,1,1,0,2,2,DETECTED
ambient,nature3.wav,Randomized,50%,1,244112,96.33117497132518,68.52656048521588,0.03772993927732012,0.04745043917360234,0.009720499896282216,0.999997294067549,0.9999979171465656,6.230790166039668e-07,1,0.0,3.232,2.937,0.983051,0.028808,0.007933,0.976584,0,1,0,0,1,1,SUSPICIOUS
ambient,nature3.wav,Adaptive,50%,1,244112,96.33389407229943,68.52927958619014,0.03772993927732012,0.047445596335300495,0.009715657057980373,0.999997294067549,0.999996075251596,1.218815953052399e-06,1,0.0,2.393,3.1205,0.983051,0.017364,0.004861,0.976487,0,1,0,0,1,1,SUSPICIOUS
ambient,nature4.wav,Control,0%,1,0,,,0.25717970421669983,0.25717970421669983,0.0,0.9999976145017837,0.9999976145017837,0.0,,,,,0.962963,0.001875,0.00077301,0.978035,0,0,0,0,0,0,SAFE
ambient,nature4.wav,Sequential,1%,1,2189,113.28622309372757,76.93780047151238,0.25717970421669983,0.2576757381854546,0.0004960339687547499,0.9999976145017837,0.9999993340542253,1.719552441548089e-06,1,0.0,0.0274,0.0187,1.0,0.003117,0.00125306,0.979008,0,0,0,0,0,0,SAFE
ambient,nature4.wav,Randomized,1%,1,2189,113.37754378913229,77.0291211669171,0.25717970421669983,0.2576991008450193,0.0005193966283194573,0.9999976145017837,0.9999975014181329,1.1308365077677962e-07,1,0.0,0.0322,0.0243,0.962963,0.00191,0.00074125,0.978134,0,0,0,0,0,0,SAFE
ambient,nature4.wav,Adaptive,1%,1,2189,113.36473127952223,77.01630865730704,0.25717970421669983,0.25766510449049096,0.0004854002737911256,0.9999976145017837,0.9999979598604277,3.453586440160805e-07,1,0.0,0.4522,0.8348,0.962963,0.002027,0.00076167,0.978137,0,0,0,0,0,0,SAFE
ambient,nature4.wav,Sequential,5%,1,11109,106.34775836739593,69.99933574518073,0.25717970421669983,0.2594821379029615,0.0023024336862616512,0.9999976145017837,0.9999995194484705,1.9049466868370502e-06,1,0.0,0.0811,0.0484,1.0,0.003516,0.0015813,0.97927,0,0,0,0,0,0,SAFE
ambient,nature4.wav,Randomized,5%,1,11109,106.31511951057685,69.96669688836165,0.25717970421669983,0.25949564290093974,0.0023159386842399043,0.9999976145017837,0.9999976584192155,4.391743180232055e-08,1,0.0,0.1137,0.0945,0.962963,0.003198,0.00096702,0.978258,0,0,0,0,0,0,SAFE
ambient,nature4.wav,Adaptive,5%,1,11109,106.32075288792672,69.97233026571153,0.25717970421669983,0.25952934619594353,0.0023496419792436996,0.9999976145017837,0.9999983936749606,7.791731768680421e-07,1,0.0,0.4924,0.9155,0.962963,0.002197,0.00062104,0.978003,0,0,0,0,0,0,SAFE
ambient,nature4.wav,Sequential,10%,1,22258,103.33218061061906,66.98375798840387,0.25717970421669983,0.26138473518050065,0.004205030963800815,0.9999976145017837,0.999999338708463,1.7242066793210498e-06,1,0.0,0.1307,0.0889,1.0,0.003781,0.00134617,0.979435,0,0,0,0,0,0,SAFE
ambient,nature4.wav,Randomized,10%,1,22258,103.32993460495132,66.98151198273612,0.25717970421669983,0.26134786997978854,0.004168165763088705,0.9999976145017837,0.9999981819582753,5.674564915736369e-07,1,0.0,0.2323,0.2032,0.962963,0.004682,0.00102262,0.978254,0,0,0,0,0,0,SAFE
ambient,nature4.wav,Adaptive,10%,1,22258,103.32993460495132,66.98151198273612,0.25717970421669983,0.26135211434150984,0.004172410124810011,0.9999976145017837,0.9999978774387487,2.6293696497869945e-07,1,0.0,0.558,0.9338,0.962963,0.003422,0.00116677,0.978466,0,0,0,0,0,0,SAFE
ambient,nature4.wav,Sequential,25%,1,55706,99.34530485170592,62.99688222949072,0.25717970421669983,0.26538070121510876,0.008200996998408927,0.9999976145017837,0.9999985809688834,9.66467099683399e-07,1,0.0,0.2912,0.2148,0.962963,0.004305,0.00119856,0.978711,0,0,0,0,0,0,SAFE
ambient,nature4.wav,Randomized,25%,1,55706,99.33873766678211,62.99031504456691,0.25717970421669983,0.2654410157626783,0.008261311545978478,0.9999976145017837,0.9999988747535495,1.2602517658333312e-06,1,0.0,0.7389,0.6698,0.962963,0.00975,0.00230099,0.978475,0,0,0,0,0,0,SAFE
ambient,nature4.wav,Adaptive,25%,1,55706,99.33620698325066,62.98778436103546,0.25717970421669983,0.2653675895350481,0.008187885318348243,0.9999976145017837,0.9999980246226479,4.1012086415825877e-07,1,0.0,0.7442,1.0769,0.962963,0.003005,0.00103851,0.978803,0,0,0,0,0,0,SAFE
ambient,nature4.wav,Sequential,50%,1,111452,96.33873136329387,59.99030874107867,0.25717970421669983,0.26977993788693594,0.012600233670236105,0.9999976145017837,0.9999989345432422,1.3200414584746412e-06,1,0.0,0.5551,0.4358,0.962963,0.011494,0.00288273,0.978123,0,0,0,0,0,0,SAFE
ambient,nature4.wav,Randomized,50%,1,111452,96.32053907471403,59.97211645249883,0.25717970421669983,0.2698822236708367,0.012702519454136862,0.9999976145017837,0.9999992225021292,1.6080003455432035e-06,1,0.0,1.3996,1.2869,0.962963,0.010032,0.00253201,0.978704,0,0,0,0,0,0,SAFE
ambient,nature4.wav,Adaptive,50%,1,111452,96.32199710090707,59.97357447869187,0.25717970421669983,0.26982191041192616,0.012642206195226324,0.9999976145017837,0.9999968630805987,7.514211850523367e-07,1,0.0,1.0897,1.3669,0.962963,0.010732,0.00408132,0.978375,0,0,0,0,0,0,SAFE
ambient,nature5.wav,Control,0%,1,0,,,0.018397911308255188,0.018397911308255188,0.0,0.9999947831452689,0.9999947831452689,0.0,,,,,0.981481,0.001907,-0.00070634,0.975485,0,0,0,0,0,0,SAFE
ambient,nature5.wav,Sequential,1%,1,4438,113.32656362716718,84.21687069197068,0.018397911308255188,0.018592445232803456,0.000194533924548268,0.9999947831452689,0.9999987940420676,4.0108967986896005e-06,1,0.0,0.0622,0.0318,1.0,0.003272,0.00137934,0.975359,0,0,0,0,0,0,SAFE
ambient,nature5.wav,Randomized,1%,1,4438,113.32583504701968,84.21614211182317,0.018397911308255188,0.01860913327664475,0.00021122196838956053,0.9999947831452689,0.9999949507270113,1.675817423718584e-07,1,0.0,0.0874,0.0636,0.981481,0.001862,-0.00059782,0.975509,0,0,0,0,0,0,SAFE
ambient,nature5.wav,Adaptive,1%,1,4438,113.31104703228704,84.20135409709053,0.018397911308255188,0.01861036188166229,0.0002124505734071025,0.9999947831452689,0.9999946677146152,1.1543065370211991e-07,1,0.0,0.9538,1.8253,0.981481,0.002014,-0.00077189,0.975528,0,0,0,0,0,0,SAFE
ambient,nature5.wav,Sequential,5%,1,22350,106.33506664049123,77.22537370529473,0.018397911308255188,0.01938134798560442,0.000983436677349233,0.9999947831452689,0.9999983670509655,3.583905696546985e-06,1,0.0,0.149,0.1029,1.0,0.003988,0.00147411,0.975469,0,0,0,0,0,0,SAFE
ambient,nature5.wav,Randomized,5%,1,22350,106.32657764429095,77.21688470909444,0.018397911308255188,0.019400735615768588,0.0010028243075133995,0.9999947831452689,0.9999944330639888,3.5008128007607553e-07,1,0.0,0.2268,0.1959,0.981481,0.000295,-2.716e-05,0.975434,0,0,0,0,0,0,SAFE
ambient,nature5.wav,Adaptive,5%,1,22350,106.33919586199053,77.22950292679403,0.018397911308255188,0.01939542609435875,0.0009975147861035621,0.9999947831452689,0.9999933121601355,1.4709851333671864e-06,1,0.0,1.0444,1.931,0.981481,0.00084,-0.00031908,0.975397,0,0,0,0,0,0,SAFE
ambient,nature5.wav,Sequential,10%,1,44740,103.32923613392317,74.21954319872667,0.018397911308255188,0.02025901951035322,0.001861108202098033,0.9999947831452689,0.9999987339509524,3.950805683494707e-06,1,0.0,0.2551,0.1849,0.981481,0.00487,0.00185453,0.975341,0,0,0,0,0,0,SAFE
ambient,nature5.wav,Randomized,10%,1,44740,103.3133467759776,74.20365384078112,0.018397911308255188,0.020276239805808113,0.0018783284975529245,0.9999947831452689,0.9999954633541491,6.802088802215778e-07,1,0.0,0.6796,0.6192,0.981481,0.00067,4.528e-05,0.975642,0,0,0,0,0,0,SAFE
ambient,nature5.wav,Adaptive,10%,1,44740,103.3221697150244,74.21247677982791,0.018397911308255188,0.020276527631186977,0.0018786163229317886,0.9999947831452689,0.9999948973128167,1.1416754774895566e-07,1,0.0,1.1863,2.0241,0.981481,2e-06,0.00013471,0.975511,0,0,0,0,0,0,SAFE
ambient,nature5.wav,Sequential,25%,1,111910,99.33413556442774,70.22444262923125,0.018397911308255188,0.02242377158526179,0.004025860277006601,0.9999947831452689,0.9999988849470953,4.101801826417173e-06,1,0.0,0.5786,0.4366,1.0,0.00793,0.00309716,0.975347,0,0,0,0,0,0,SAFE
ambient,nature5.wav,Randomized,25%,1,111910,99.34172642390145,70.23203348870496,0.018397911308255188,0.022430093948604596,0.004032182640349408,0.9999947831452689,0.999997348718905,2.5655736360929993e-06,1,0.0,1.4977,1.3718,0.981481,0.002745,0.00157231,0.975726,0,0,0,0,0,0,SAFE
ambient,nature5.wav,Adaptive,25%,1,111910,99.34193989650272,70.23224696130622,0.018397911308255188,0.02243374613670873,0.0040358348284535404,0.9999947831452689,0.9999962500388322,1.4668935632844438e-06,1,0.0,1.5905,2.3442,0.981481,0.003971,0.0004722,0.975289,0,0,0,0,0,0,SAFE
ambient,nature5.wav,Sequential,50%,1,223860,96.32962207270135,67.21992913750485,0.018397911308255188,0.025100595914724726,0.006702684606469538,0.9999947831452689,0.9999997113877397,4.92824247078083e-06,1,0.0,1.1501,0.8599,1.0,0.011208,0.00372959,0.975677,0,0,0,0,0,0,SAFE
ambient,nature5.wav,Randomized,50%,1,223860,96.32618028086267,67.21648734566617,0.018397911308255188,0.025124198001235082,0.006726286692979894,0.9999947831452689,0.9999991176843819,4.334539112971214e-06,1,0.0,2.9295,2.6485,0.981481,0.009862,0.00316891,0.976431,0,0,0,0,0,0,SAFE
ambient,nature5.wav,Adaptive,50%,1,223860,96.33030590822348,67.22061297302697,0.018397911308255188,0.02513086344503948,0.006732952136784293,0.9999947831452689,0.9999969453187745,2.162173505571019e-06,1,0.0,2.1812,2.9237,0.981481,0.010887,0.00221137,0.975303,0,0,0,0,0,0,SAFE
ambient,nature6.wav,Control,0%,1,0,,,0.12746688341478185,0.12746688341478185,0.0,0.9999995396060997,0.9999995396060997,0.0,,,,,1.0,0.00229,-0.00075248,0.988884,0,0,0,1,1,1,SUSPICIOUS
ambient,nature6.wav,Sequential,1%,1,3593,113.33054834905906,68.17823217196076,0.12746688341478185,0.1281453933410237,0.0006785099262418548,0.9999995396060997,0.9999993654631464,1.741429532797767e-07,1,0.0,0.0558,0.0267,0.977273,0.000906,-0.00036892,0.988879,0,0,0,1,1,1,SUSPICIOUS
ambient,nature6.wav,Randomized,1%,1,3593,113.3138009856624,68.1614848085641,0.12746688341478185,0.1281458229151576,0.0006789395003757581,0.9999995396060997,0.9999995934493897,5.384329004876065e-08,1,0.0,0.0696,0.0457,1.0,0.001949,-0.00065519,0.988861,0,0,0,1,1,1,SUSPICIOUS
ambient,nature6.wav,Adaptive,1%,1,3593,113.33894631127069,68.18663013417239,0.12746688341478185,0.1281518377335274,0.0006849543187455454,0.9999995396060997,0.9999996453389635,1.0573286379766955e-07,1,0.0,0.7662,1.4694,1.0,0.001657,-0.00050391,0.988937,0,0,0,1,1,1,SUSPICIOUS
ambient,nature6.wav,Sequential,5%,1,18125,106.33833208040882,61.18601590331052,0.12746688341478185,0.1305747057623248,0.003107822347542949,0.9999995396060997,0.9999995024008091,3.720529051509658e-08,1,0.0,0.1136,0.0775,1.0,0.00098,1.138e-05,0.988792,0,0,0,1,1,1,SUSPICIOUS
ambient,nature6.wav,Randomized,5%,1,18125,106.34072845238323,61.18841227528492,0.12746688341478185,0.1305024959002127,0.0030356124854308553,0.9999995396060997,0.9999997873726615,2.477665618227931e-07,1,0.0,0.2003,0.1662,1.0,0.001585,0.00035495,0.988786,0,0,0,1,1,1,SUSPICIOUS
ambient,nature6.wav,Adaptive,5%,1,18125,106.3374936625093,61.18517748541099,0.12746688341478185,0.1304711167661846,0.003004233351402763,0.9999995396060997,0.9999996604877677,1.2088166800872102e-07,1,0.0,0.8638,1.5363,1.0,8.8e-05,-2.347e-05,0.988837,0,0,0,1,1,1,SUSPICIOUS
ambient,nature6.wav,Sequential,10%,1,36291,103.32725358749484,58.174937410396524,0.12746688341478185,0.1330214136246974,0.005554530209915559,0.9999995396060997,0.9999994482323532,9.137374645806773e-08,1,0.0,0.1944,0.1579,1.0,0.00341,0.00129368,0.988766,0,0,0,1,1,1,SUSPICIOUS
ambient,nature6.wav,Randomized,10%,1,36291,103.32731346994585,58.17499729284755,0.12746688341478185,0.1329698224651902,0.005502939050408356,0.9999995396060997,0.9999999988902765,4.592841768014111e-07,1,0.0,0.4165,0.3161,1.0,0.003939,0.00107914,0.988988,0,0,0,1,1,1,SUSPICIOUS
ambient,nature6.wav,Adaptive,10%,1,36291,103.30515355929262,58.15283738219431,0.12746688341478185,0.1329910999535529,0.005524216538771054,0.9999995396060997,0.9999997629963132,2.233902135495569e-07,1,0.0,0.9435,1.6675,1.0,0.001566,0.00044462,0.988747,0,0,0,1,1,1,SUSPICIOUS
ambient,nature6.wav,Sequential,25%,1,90788,99.3453391831347,54.19302300603639,0.12746688341478185,0.13843983377560432,0.010972950360822464,0.9999995396060997,0.9999999772645011,4.37658401408747e-07,1,0.0,0.4962,0.3645,1.0,0.009755,0.00280511,0.989264,0,0,0,1,1,1,SUSPICIOUS
ambient,nature6.wav,Randomized,25%,1,90788,99.34000407515504,54.187687898056744,0.12746688341478185,0.1384388213539021,0.010971937939120241,0.9999995396060997,0.9999999994535065,4.5984740681959124e-07,1,0.0,1.2513,1.1349,1.0,0.010517,0.00221556,0.988765,0,0,0,1,1,1,SUSPICIOUS
ambient,nature6.wav,Adaptive,25%,1,90788,99.3411518858029,54.188835708704595,0.12746688341478185,0.13841055646286485,0.010943673048082997,0.9999995396060997,0.9999989491896085,5.904164911418874e-07,1,0.0,1.2907,1.8565,0.977273,0.009969,0.00352563,0.988925,0,0,0,1,1,1,SUSPICIOUS
ambient,nature6.wav,Sequential,50%,1,181616,96.3291064205931,51.17679024349481,0.12746688341478185,0.14448339623207979,0.017016512817297935,0.9999995396060997,0.9999999913650599,4.517589602404115e-07,1,0.0,0.8861,0.6874,1.0,0.028059,0.00855743,0.989297,0,1,1,1,3,3,DETECTED
ambient,nature6.wav,Randomized,50%,1,181616,96.33669731539865,51.184381138300346,0.12746688341478185,0.14439701800534288,0.01693013459056103,0.9999995396060997,0.9999995654064082,2.5800308556256368e-08,1,0.0,2.3633,2.1864,0.977273,0.025702,0.00743353,0.989531,0,1,0,1,2,2,DETECTED
ambient,nature6.wav,Adaptive,50%,1,181616,96.33056494806002,51.1782487709617,0.12746688341478185,0.14450369602506266,0.01703681261028081,0.9999995396060997,0.9999999519683379,4.1236223824459017e-07,1,0.0,1.7856,2.3397,1.0,0.024131,0.00726688,0.988561,0,1,0,1,2,2,DETECTED
ambient,nature7.wav,Control,0%,1,0,,,0.1351841680956938,0.1351841680956938,0.0,0.9999981056687294,0.9999981056687294,0.0,,,,,1.0,0.00258,0.00095992,0.963708,0,0,0,0,0,0,SAFE
ambient,nature7.wav,Sequential,1%,1,1041,113.43993266357764,81.31346259533049,0.1351841680956938,0.1354765618514353,0.00029239375574149906,0.9999981056687294,0.9999996484123401,1.5427436107495751e-06,1,0.0,0.0274,0.0081,1.0,0.005298,0.001931,0.964776,0,0,0,0,0,0,SAFE
ambient,nature7.wav,Randomized,1%,1,1041,113.3238151206353,81.19734505238817,0.1351841680956938,0.1354960291399642,0.0003118610442703895,0.9999981056687294,0.9999982174664745,1.1179774517255936e-07,1,0.0,0.0389,0.0132,1.0,0.002968,0.00110651,0.963566,0,0,0,0,0,0,SAFE
ambient,nature7.wav,Adaptive,1%,1,1041,113.31979666573926,81.19332659749213,0.1351841680956938,0.13552300007552748,0.0003388319798336703,0.9999981056687294,0.9999983105869259,2.0491819652246335e-07,1,0.0,0.212,0.3771,1.0,0.002016,0.00065291,0.963522,0,0,0,0,0,0,SAFE
ambient,nature7.wav,Sequential,5%,1,5367,106.37288261375824,74.2464125455111,0.1351841680956938,0.13664025055181284,0.0014560824561190289,0.9999981056687294,0.9999995852681095,1.4795993801275387e-06,1,0.0,0.0484,0.0236,1.0,0.006325,0.00199627,0.965162,0,0,0,0,0,0,SAFE
ambient,nature7.wav,Randomized,5%,1,5367,106.36214653350316,74.23567646525603,0.1351841680956938,0.13662269180644973,0.0014385237107559234,0.9999981056687294,0.9999979174540644,1.8821466496454775e-07,1,0.0,0.0547,0.0452,1.0,0.002155,0.001046,0.963668,0,0,0,0,0,0,SAFE
ambient,nature7.wav,Adaptive,5%,1,5367,106.3732882689817,74.24681820073457,0.1351841680956938,0.13661075658287414,0.0014265884871803303,0.9999981056687294,0.999998648975417,5.433066876392445e-07,1,0.0,0.2504,0.4183,1.0,0.00135,0.00070639,0.96359,0,0,0,0,0,0,SAFE
ambient,nature7.wav,Sequential,10%,1,10774,103.32984978323532,71.20337971498819,0.1351841680956938,0.1378053516165208,0.002621183520826992,0.9999981056687294,0.9999996223335419,1.5166648125175541e-06,1,0.0,0.0574,0.0432,1.0,0.002062,0.00071104,0.965068,0,0,0,0,0,0,SAFE
ambient,nature7.wav,Randomized,10%,1,10774,103.30536093724695,71.17889086899982,0.1351841680956938,0.1377344997454165,0.0025503316497226813,0.9999981056687294,0.999997906105056,1.9956367336426695e-07,1,0.0,0.108,0.0929,1.0,0.002524,0.00161175,0.963254,0,0,0,0,0,0,SAFE
ambient,nature7.wav,Adaptive,10%,1,10774,103.32914530703292,71.20267523878579,0.1351841680956938,0.1377400907505778,0.0025559226548839964,0.9999981056687294,0.999998850774899,7.451061696528427e-07,1,0.0,0.2566,0.4318,1.0,0.003579,0.00099947,0.963439,0,0,0,0,0,0,SAFE
ambient,nature7.wav,Sequential,25%,1,26996,99.33991461419953,67.2134445459524,0.1351841680956938,0.14032255101246502,0.005138382916771211,0.9999981056687294,0.9999998519079109,1.7462391814770939e-06,1,0.0,0.152,0.1201,1.0,0.003375,0.00156749,0.964458,0,0,0,0,0,0,SAFE
ambient,nature7.wav,Randomized,25%,1,26996,99.34449544095075,67.21802537270362,0.1351841680956938,0.14034534574006527,0.005161177644371462,0.9999981056687294,0.9999994948307649,1.389162035514424e-06,1,0.0,0.3795,0.3343,1.0,0.001359,0.00057852,0.963291,0,0,0,0,0,0,SAFE
ambient,nature7.wav,Adaptive,25%,1,26996,99.33879023758155,67.2123201693344,0.1351841680956938,0.14036695076203304,0.005182782666339231,0.9999981056687294,0.99999939548075,1.28981202063283e-06,1,0.0,0.3538,0.4871,1.0,0.005141,0.00131832,0.96335,0,0,0,0,0,0,SAFE
ambient,nature7.wav,Sequential,50%,1,54032,96.33932450779699,64.21285443954986,0.1351841680956938,0.14309830707092605,0.007914138975232243,0.9999981056687294,0.9999995699562113,1.4642874819337237e-06,1,0.0,0.2808,0.2039,1.0,0.006232,0.00293199,0.965103,0,0,0,0,0,0,SAFE
ambient,nature7.wav,Randomized,50%,1,54032,96.33061881129879,64.20414874305165,0.1351841680956938,0.1431604734195652,0.007976305323871391,0.9999981056687294,0.9999978142027555,2.914659739117198e-07,1,0.0,0.6265,0.5801,1.0,0.000139,-0.00117589,0.964296,0,0,0,0,0,0,SAFE
ambient,nature7.wav,Adaptive,50%,1,54032,96.3234141332432,64.19694406499607,0.1351841680956938,0.1431239809101079,0.007939812814414082,0.9999981056687294,0.9999993832065587,1.2775378293028439e-06,1,0.0,0.4837,0.6028,1.0,0.00356,-0.00038763,0.964162,0,0,0,0,0,0,SAFE
ambient,nature8.wav,Control,0%,1,0,,,0.11606540715964485,0.11606540715964485,0.0,0.9999689993329345,0.9999689993329345,0.0,,,,,0.924528,0.000297,0.00087197,0.983073,0,0,0,1,1,1,SUSPICIOUS
ambient,nature8.wav,Sequential,1%,1,4366,113.33803286562863,65.30143141107716,0.11606540715964485,0.11645459923339085,0.00038919207374600584,0.9999689993329345,0.9999788638503796,9.864517445112853e-06,1,0.0,0.0635,0.0308,0.943396,0.00113,0.00162913,0.984147,0,0,0,1,1,1,SUSPICIOUS
ambient,nature8.wav,Randomized,1%,1,4366,113.36284976069507,65.3262483061436,0.11606540715964485,0.11646322145371643,0.00039781429407158286,0.9999689993329345,0.9999693417780748,3.4244514035552953e-07,1,0.0,0.0698,0.0444,0.924528,0.000325,0.00105259,0.983143,0,0,0,1,1,1,SUSPICIOUS
ambient,nature8.wav,Adaptive,1%,1,4366,113.34397600007512,65.30737454552364,0.11606540715964485,0.11645668448382898,0.0003912773241841333,0.9999689993329345,0.9999698730409942,8.737080596787905e-07,1,0.0,0.9205,1.7729,0.924528,7e-05,0.0008801,0.983185,0,0,0,1,1,1,SUSPICIOUS
ambient,nature8.wav,Sequential,5%,1,21993,106.32055769328463,58.283956238733154,0.11606540715964485,0.11795904185159829,0.0018936346919534441,0.9999689993329345,0.9999821090720538,1.310973911927693e-05,1,0.0,0.1223,0.0897,0.943396,0.003647,0.00239092,0.984752,0,0,0,1,1,1,SUSPICIOUS
ambient,nature8.wav,Randomized,5%,1,21993,106.3207052259894,58.284103771437934,0.11606540715964485,0.11792316714110193,0.0018577599814570828,0.9999689993329345,0.9999720332578089,3.03392487444043e-06,1,0.0,0.2297,0.1955,0.924528,0.002213,0.00149947,0.983719,0,0,0,1,1,1,SUSPICIOUS
ambient,nature8.wav,Adaptive,5%,1,21993,106.32670913937434,58.29010768482287,0.11606540715964485,0.11794952190917225,0.0018841147495274047,0.9999689993329345,0.9999698624612415,8.631283070492657e-07,1,0.0,1.0215,1.8959,0.90566,0.000132,0.00075005,0.983432,0,0,0,1,1,1,SUSPICIOUS
ambient,nature8.wav,Sequential,10%,1,44027,103.32010423700054,55.28350278244907,0.11606540715964485,0.11957290165034946,0.0035074944907046157,0.9999689993329345,0.9999816041998536,1.2604866919119218e-05,1,0.0,0.2283,0.1699,0.962264,0.00575,0.00245382,0.985445,0,0,0,1,1,1,SUSPICIOUS
ambient,nature8.wav,Randomized,10%,1,44027,103.31559669252408,55.2789952379726,0.11606540715964485,0.11960296812811932,0.0035375609684744763,0.9999689993329345,0.9999722011810867,3.201848152167841e-06,1,0.0,0.6606,0.5951,0.943396,0.003796,0.00202181,0.984013,0,0,0,1,1,1,SUSPICIOUS
ambient,nature8.wav,Adaptive,10%,1,44027,103.309913513156,55.27331205860453,0.11606540715964485,0.1196302803153612,0.0035648731557163527,0.9999689993329345,0.9999748433557767,5.844022842205199e-06,1,0.0,1.1796,1.9608,0.924528,0.00172,0.0011223,0.983708,0,0,0,1,1,1,SUSPICIOUS
ambient,nature8.wav,Sequential,25%,1,110128,99.34036900239867,51.30376754784721,0.11606540715964485,0.12367909940687263,0.007613692247227785,0.9999689993329345,0.9999915681744561,2.2568841521630745e-05,1,0.0,0.5629,0.4156,0.981132,0.012436,0.00409497,0.986547,0,0,0,1,1,1,SUSPICIOUS
ambient,nature8.wav,Randomized,25%,1,110128,99.33449825366077,51.297896799109296,0.11606540715964485,0.1237247787000037,0.007659371540358853,0.9999689993329345,0.9999831847904491,1.4185457514637179e-05,1,0.0,1.4885,1.3659,0.943396,0.011233,0.00319877,0.985773,0,0,0,1,1,1,SUSPICIOUS
ambient,nature8.wav,Adaptive,25%,1,110128,99.34652407402398,51.3099226194725,0.11606540715964485,0.12376731679287492,0.007701909633230072,0.9999689993329345,0.9999799698765838,1.0970543649291287e-05,1,0.0,1.5869,2.289,0.943396,0.006202,0.00262451,0.984773,0,0,0,1,1,1,SUSPICIOUS
ambient,nature8.wav,Sequential,50%,1,220296,96.3283493554331,48.29174790088163,0.11606540715964485,0.1289906153691329,0.012925208209488045,0.9999689993329345,0.9999942596205101,2.5260287575656903e-05,1,0.0,1.0857,0.8416,0.981132,0.023221,0.00708809,0.980798,0,1,0,0,1,1,SUSPICIOUS
ambient,nature8.wav,Randomized,50%,1,220296,96.33343155353771,48.29683009898623,0.11606540715964485,0.12896691584334505,0.0129015086837002,0.9999689993329345,0.999990640116597,2.1640783662513208e-05,1,0.0,2.6523,2.4647,0.981132,0.020298,0.0057385,0.98834,0,1,0,1,2,2,DETECTED
ambient,nature8.wav,Adaptive,50%,1,220296,96.32638412504959,48.28978267049811,0.11606540715964485,0.12900465435170091,0.012939247192056066,0.9999689993329345,0.9999810210001595,1.2021667225026178e-05,1,0.0,2.0813,2.8237,0.943396,0.012862,0.00312994,0.986431,0,0,0,1,1,1,SUSPICIOUS
ambient,nature9.wav,Control,0%,1,0,,,0.19106708604502867,0.19106708604502867,0.0,0.9999989850417199,0.9999989850417199,0.0,,,,,0.588235,0.000859,0.00022955,0.710661,0,0,0,0,0,0,SAFE
ambient,nature9.wav,Sequential,1%,1,1379,113.40311967238688,89.26484983194449,0.19106708604502867,0.19106885066601256,1.7646209838906302e-06,0.9999989850417199,0.999998876811338,1.0823038187890432e-07,1,0.0,0.0348,0.0107,0.588235,0.000254,0.00039866,0.71055,0,0,0,0,0,0,SAFE
ambient,nature9.wav,Randomized,1%,1,1379,113.38677377242024,89.24850393197784,0.19106708604502867,0.1910647961479269,2.2898971017704106e-06,0.9999989850417199,0.9999988545074209,1.3053429903653324e-07,1,0.0,0.0392,0.0156,0.588235,0.000451,0.00045564,0.71294,0,0,0,0,0,0,SAFE
ambient,nature9.wav,Adaptive,1%,1,1379,113.3158795574153,89.1776097169729,0.19106708604502867,0.191067048227801,3.781722768270157e-08,0.9999989850417199,0.9999986750781259,3.0996359401402884e-07,1,0.0,0.2888,0.5116,0.588235,6.3e-05,0.00065511,0.711593,0,0,0,0,0,0,SAFE
ambient,nature9.wav,Sequential,5%,1,7057,106.3159494988524,82.17767965841,0.19106708604502867,0.19107039850101826,3.3124559895847394e-06,0.9999989850417199,0.9999991877549508,2.027132308679569e-07,1,0.0,0.0583,0.0401,0.588235,0.001106,-1.423e-05,0.710751,0,0,0,0,0,0,SAFE
ambient,nature9.wav,Randomized,5%,1,7057,106.33076794006992,82.19249809962753,0.19106708604502867,0.19106768776379246,6.01718763787451e-07,0.9999989850417199,0.9999991020209233,1.1697920343500812e-07,1,0.0,0.087,0.0594,0.588235,0.001719,0.00103468,0.722027,0,0,0,0,0,0,SAFE
ambient,nature9.wav,Adaptive,5%,1,7057,106.31747483773398,82.17920499729159,0.19106708604502867,0.1910700695089901,2.983463961436783e-06,0.9999989850417199,0.9999990000556924,1.5013972509692053e-08,1,0.0,0.3269,0.547,0.588235,0.001261,0.00121834,0.71617,0,0,0,0,0,0,SAFE
ambient,nature9.wav,Sequential,10%,1,14154,103.3210036157149,79.1827337752725,0.19106708604502867,0.19107308427524033,5.998230211662348e-06,0.9999989850417199,0.9999982966498576,6.883918622913043e-07,1,0.0,0.0962,0.0631,0.588235,0.001747,0.00032033,0.710655,0,0,0,0,0,0,SAFE
ambient,nature9.wav,Randomized,10%,1,14154,103.33894715927933,79.20067731883692,0.19106708604502867,0.19107148763360363,4.401588574953763e-06,0.9999989850417199,0.9999996587953041,6.737535841461195e-07,1,0.0,0.1552,0.1384,0.588235,0.002607,0.0015448,0.733475,0,0,0,0,0,0,SAFE
ambient,nature9.wav,Adaptive,10%,1,14154,103.34240635634796,79.20413651590557,0.19106708604502867,0.1910718388888529,4.752843824229469e-06,0.9999989850417199,0.9999977736219017,1.211419818236692e-06,1,0.0,0.3604,0.6004,0.588235,0.001127,0.00102221,0.724136,0,0,0,0,0,0,SAFE
ambient,nature9.wav,Sequential,25%,1,35446,99.34615141224222,75.20788157179983,0.19106708604502867,0.19108129825535644,1.4212210327768648e-05,0.9999989850417199,0.9999981328028335,8.52238886461798e-07,1,0.0,0.1959,0.1377,0.588235,0.004368,0.0010026,0.710261,0,0,0,0,0,0,SAFE
ambient,nature9.wav,Randomized,25%,1,35446,99.33776374139829,75.19949390095589,0.19106708604502867,0.1910816617278996,1.4575682870915374e-05,0.9999989850417199,0.9999998737881509,8.887464310047832e-07,1,0.0,0.3632,0.3041,0.588235,0.008482,0.00343277,0.767994,0,0,0,0,0,0,SAFE
ambient,nature9.wav,Adaptive,25%,1,35446,99.3438232810587,75.20555344061631,0.19106708604502867,0.19107598443536053,8.898390331857353e-06,0.9999989850417199,0.9999982296262098,7.554155101452409e-07,1,0.0,0.4612,0.661,0.588235,0.00708,0.00246108,0.749998,0,0,0,0,0,0,SAFE
ambient,nature9.wav,Sequential,50%,1,70933,96.34106364000085,72.20279379955845,0.19106708604502867,0.19108614871302393,1.9062667995256577e-05,0.9999989850417199,0.9999966285538386,2.3564878812720735e-06,1,0.0,0.3642,0.271,0.588235,0.005368,0.00034703,0.71069,0,0,0,0,0,0,SAFE
ambient,nature9.wav,Randomized,50%,1,70933,96.33618852537337,72.19791868493098,0.19106708604502867,0.19108485324099822,1.776719596954801e-05,0.9999989850417199,0.9999994145844908,4.2954277090778703e-07,1,0.0,0.8706,0.7763,0.647059,0.009158,0.00136459,0.841396,0,0,0,0,0,0,SAFE
ambient,nature9.wav,Adaptive,50%,1,70933,96.3247428041243,72.1864729636819,0.19106708604502867,0.1910814771217618,1.4391076733122343e-05,0.9999989850417199,0.9999944318338799,4.553207839985696e-06,1,0.0,0.6505,0.8195,0.588235,0.00763,0.00223409,0.803534,0,0,0,0,0,0,SAFE
instrumental,instrument1.wav,Control,0%,1,0,,,0.024977344369900463,0.024977344369900463,0.0,0.9999443096064219,0.9999443096064219,0.0,,,,,0.909091,0.001068,-0.00118054,0.914437,0,0,0,0,0,0,SAFE
instrumental,instrument1.wav,Sequential,1%,1,1777,113.35570418307701,99.07815055564477,0.024977344369900463,0.025040275317717603,6.293094781713998e-05,0.9999443096064219,0.9999871419256192,4.2832319197327884e-05,1,0.0,0.0395,0.013,0.954545,0.003984,0.00134798,0.914287,0,0,0,0,0,0,SAFE
instrumental,instrument1.wav,Randomized,1%,1,1777,113.34968318555218,99.07212955811994,0.024977344369900463,0.025061205693387472,8.386132348700906e-05,0.9999443096064219,0.9999460398433323,1.7302369104132964e-06,1,0.0,0.0411,0.0197,0.909091,0.000556,-0.00049846,0.902493,0,0,0,0,0,0,SAFE
instrumental,instrument1.wav,Adaptive,1%,1,1777,113.36113022714666,99.08357659971442,0.024977344369900463,0.025056624831114396,7.928046121393265e-05,0.9999443096064219,0.9999434518225992,8.577838226386802e-07,1,0.0,0.3723,0.7006,0.909091,0.000891,-0.00101226,0.914334,0,0,0,0,0,0,SAFE
instrumental,instrument1.wav,Sequential,5%,1,9046,106.33012224337442,92.05256861594216,0.024977344369900463,0.025358780378683346,0.00038143600878288303,0.9999443096064219,0.9999874997134598,4.3190107037904824e-05,1,0.0,0.0572,0.0422,0.909091,0.00509,0.00174555,0.914426,0,0,0,0,0,0,SAFE
instrumental,instrument1.wav,Randomized,5%,1,9046,106.35469156056601,92.07713793313376,0.024977344369900463,0.025362775649573534,0.0003854312796730715,0.9999443096064219,0.9999497502507662,5.440644344267831e-06,1,0.0,0.0996,0.075,0.909091,0.00323,0.00124105,0.903035,0,0,0,0,0,0,SAFE
instrumental,instrument1.wav,Adaptive,5%,1,9046,106.35625431146923,92.078700684037,0.024977344369900463,0.025363206290916582,0.00038586192101611877,0.9999443096064219,0.9999462970238047,1.98741738277608e-06,1,0.0,0.3976,0.7057,0.909091,0.000556,-0.00091299,0.914292,0,0,0,0,0,0,SAFE
instrumental,instrument1.wav,Sequential,10%,1,18132,103.3271784983457,89.04962487091346,0.024977344369900463,0.025689951256751893,0.0007126068868514301,0.9999443096064219,0.9999908706717262,4.656106530431803e-05,1,0.0,0.1136,0.0717,0.954545,0.00586,0.00266764,0.914241,0,0,0,0,0,0,SAFE
instrumental,instrument1.wav,Randomized,10%,1,18132,103.3128364590774,89.03528283164518,0.024977344369900463,0.025682568196960312,0.000705223827059849,0.9999443096064219,0.9999496342279343,5.324621512370342e-06,1,0.0,0.1809,0.1463,0.909091,0.007071,0.00268213,0.913927,0,0,0,0,0,0,SAFE
instrumental,instrument1.wav,Adaptive,10%,1,18132,103.31414917597598,89.03659554854374,0.024977344369900463,0.025687293419348473,0.0007099490494480096,0.9999443096064219,0.9999399551275117,4.354478910228998e-06,1,0.0,0.4427,0.7364,0.909091,0.001799,-0.00020463,0.914258,0,0,0,0,0,0,SAFE
instrumental,instrument1.wav,Sequential,25%,1,45392,99.34343494594634,85.0658813185141,0.024977344369900463,0.026376725666952858,0.0013993812970523947,0.9999443096064219,0.9999881519319335,4.3842325511578295e-05,1,0.0,0.2477,0.183,0.909091,0.00443,0.00151131,0.914433,0,0,0,0,0,0,SAFE
instrumental,instrument1.wav,Randomized,25%,1,45392,99.3521501925993,85.07459656516707,0.024977344369900463,0.026371758344866606,0.0013944139749661431,0.9999443096064219,0.9999671421417697,2.283253534784979e-05,1,0.0,0.5912,0.5461,0.909091,0.01861,0.00805945,0.907338,0,1,0,0,1,1,SUSPICIOUS
instrumental,instrument1.wav,Adaptive,25%,1,45392,99.35617852052323,85.07862489309097,0.024977344369900463,0.026371485538324486,0.0013941411684240228,0.9999443096064219,0.9999457131994467,1.4035930248068595e-06,1,0.0,0.6215,0.8707,0.909091,0.005244,0.00119049,0.91392,0,0,0,0,0,0,SAFE
instrumental,instrument1.wav,Sequential,50%,1,90824,96.33293168275686,82.05537805532464,0.024977344369900463,0.027150382886312767,0.002173038516412304,0.9999443096064219,0.9999860382715655,4.17286651436255e-05,1,0.0,0.4508,0.3467,0.909091,0.000435,0.00115293,0.913327,0,0,0,0,0,0,SAFE
instrumental,instrument1.wav,Randomized,50%,1,90824,96.3202021385003,82.04264851106807,0.024977344369900463,0.027140615596916915,0.002163271227016452,0.9999443096064219,0.9999882161926982,4.390658627628774e-05,1,0.0,1.1202,1.059,0.909091,0.033803,0.01520057,0.909518,0,1,1,0,2,2,DETECTED
instrumental,instrument1.wav,Adaptive,50%,1,90824,96.32971592174617,82.05216229431393,0.024977344369900463,0.027134156159923713,0.0021568117900232497,0.9999443096064219,0.99995689742106,1.2587814638087558e-05,1,0.0,0.8756,1.0837,0.909091,0.007198,0.00248367,0.913213,0,0,0,0,0,0,SAFE
instrumental,instrument10.wav,Control,0%,1,0,,,0.10694523249102013,0.10694523249102013,0.0,0.9997804246589119,0.9997804246589119,0.0,,,,,0.972222,0.001768,-0.00071902,0.905939,0,0,0,0,0,0,SAFE
instrumental,instrument10.wav,Sequential,1%,1,2975,113.33217433667545,102.66334800388499,0.10694523249102013,0.10726157295732192,0.00031634046630178714,0.9997804246589119,0.9997847235506498,4.298891737919419e-06,1,0.0,0.0492,0.0223,0.972222,0.00138,-0.0006792,0.90574,0,0,0,0,0,0,SAFE
instrumental,instrument10.wav,Randomized,1%,1,2975,113.35498720637327,102.6861608735828,0.10694523249102013,0.10727801213394317,0.0003327796429230395,0.9997804246589119,0.9997864353222897,6.010663377797876e-06,1,0.0,0.0592,0.0344,0.972222,0.000315,-0.00017896,0.905842,0,0,0,0,0,0,SAFE
instrumental,instrument10.wav,Adaptive,1%,1,2975,113.39694130257209,102.72811496978163,0.10694523249102013,0.10728774853788307,0.0003425160468629451,0.9997804246589119,0.9997857555567727,5.330897860811312e-06,1,0.0,0.616,1.1722,0.972222,0.001532,-0.00064557,0.906002,0,0,0,0,0,0,SAFE
instrumental,instrument10.wav,Sequential,5%,1,15036,106.34391917225034,95.67509283945988,0.10694523249102013,0.10852198632090936,0.001576753829889227,0.9997804246589119,0.9997878941856946,7.4695267826552225e-06,1,0.0,0.1092,0.0737,0.972222,0.000746,-0.00030827,0.905748,0,0,0,0,0,0,SAFE
instrumental,instrument10.wav,Randomized,5%,1,15036,106.3273320164446,95.65850568365414,0.10694523249102013,0.10850858530505167,0.0015633528140315406,0.9997804246589119,0.9998074806714914,2.7056012579462774e-05,1,0.0,0.156,0.1359,0.972222,0.003459,0.0019211,0.905491,0,0,0,0,0,0,SAFE
instrumental,instrument10.wav,Adaptive,5%,1,15036,106.33713241709562,95.66830608430516,0.10694523249102013,0.10849995382774805,0.0015547213367279183,0.9997804246589119,0.9997968235110648,1.639885215287684e-05,1,0.0,0.7101,1.2608,0.972222,0.00129,-0.00036849,0.905744,0,0,0,0,0,0,SAFE
instrumental,instrument10.wav,Sequential,10%,1,30113,103.31937205706987,92.65054572427941,0.10694523249102013,0.10977363485304438,0.0028284023620242515,0.9997804246589119,0.9997937200924705,1.3295433558546677e-05,1,0.0,0.1913,0.128,0.972222,0.000461,0.00022158,0.90567,0,0,0,0,0,0,SAFE
instrumental,instrument10.wav,Randomized,10%,1,30113,103.3330773296757,92.66425099688524,0.10694523249102013,0.10973563288664574,0.002790400395625614,0.9997804246589119,0.9998202001248653,3.977546595335113e-05,1,0.0,0.3209,0.2795,0.972222,0.0085,0.00480005,0.905182,0,0,0,0,0,0,SAFE
instrumental,instrument10.wav,Adaptive,10%,1,30113,103.32329888456147,92.65447255177101,0.10694523249102013,0.10975984671487354,0.002814614223853415,0.9997804246589119,0.9998006000988566,2.0175439944702944e-05,1,0.0,0.7747,1.32,0.972222,0.000259,6.912e-05,0.905519,0,0,0,0,0,0,SAFE
instrumental,instrument10.wav,Sequential,25%,1,75344,99.33376114650785,88.6649348137174,0.10694523249102013,0.11257562523294729,0.0056303927419271566,0.9997804246589119,0.9998007194102322,2.029475132026004e-05,1,0.0,0.3987,0.2908,0.972222,0.001287,4.076e-05,0.905938,0,0,0,0,0,0,SAFE
instrumental,instrument10.wav,Randomized,25%,1,75344,99.33839503365326,88.66956870086281,0.10694523249102013,0.1125537602531752,0.005608527762155077,0.9997804246589119,0.9998636402782326,8.321561932067567e-05,1,0.0,1.0241,0.9152,0.972222,0.025947,0.01200339,0.904396,0,1,1,0,2,2,DETECTED
instrumental,instrument10.wav,Adaptive,25%,1,75344,99.33689783380954,88.66807150101907,0.10694523249102013,0.11254350075162672,0.005598268260606595,0.9997804246589119,0.999798606318513,1.8181659601101963e-05,1,0.0,1.0213,1.5508,0.972222,0.002096,0.0006313,0.905662,0,0,0,0,0,0,SAFE
instrumental,instrument10.wav,Sequential,50%,1,150728,96.33232313356224,85.66349680077178,0.10694523249102013,0.11562298859614124,0.008677756105121115,0.9997804246589119,0.9998119104671652,3.148580825329539e-05,1,0.0,0.7672,0.5717,0.972222,0.002879,0.00130156,0.906012,0,0,0,0,0,0,SAFE
instrumental,instrument10.wav,Randomized,50%,1,150728,96.3257127565973,85.65688642380684,0.10694523249102013,0.11554548987862234,0.008600257387602214,0.9997804246589119,0.9999443911745688,0.00016396651565686593,1,0.0,1.9577,1.7934,0.972222,0.047437,0.02240628,0.918045,0,1,1,0,2,2,DETECTED
instrumental,instrument10.wav,Adaptive,50%,1,150728,96.32556165647775,85.65673532368729,0.10694523249102013,0.11560126767402534,0.008656035183005215,0.9997804246589119,0.9998408184304894,6.039377157751602e-05,1,0.0,1.4488,1.9118,0.972222,0.00659,0.0038172,0.908592,0,0,0,0,0,0,SAFE
instrumental,instrument11.wav,Control,0%,1,0,,,0.02854128231677604,0.02854128231677604,0.0,0.9982519355662556,0.9982519355662556,0.0,,,,,0.928571,0.002673,0.0003354,0.907386,0,0,0,0,0,0,SAFE
instrumental,instrument11.wav,Sequential,1%,1,1168,113.33401323949523,85.80048368857729,0.02854128231677604,0.028602869170421662,6.158685364562183e-05,0.9982519355662556,0.9988883294455303,0.0006363938792747215,1,0.0,0.0143,0.0086,0.928571,0.006994,0.00562452,0.917487,0,0,0,0,0,0,SAFE
instrumental,instrument11.wav,Randomized,1%,1,1168,113.35570992818037,85.82218037726241,0.02854128231677604,0.02867528637770862,0.0001340040609325785,0.9982519355662556,0.9982765522853176,2.4616719062064973e-05,1,0.0,0.0303,0.0147,0.928571,0.001208,0.00069974,0.907816,0,0,0,0,0,0,SAFE
instrumental,instrument11.wav,Adaptive,1%,1,1168,113.35480373207504,85.8212741811571,0.02854128231677604,0.02866657584972833,0.00012529353295228848,0.9982519355662556,0.9982426592379363,9.276328319263172e-06,1,0.0,0.2403,0.4222,0.928571,0.002111,0.00068206,0.90713,0,0,0,0,0,0,SAFE
instrumental,instrument11.wav,Sequential,5%,1,6000,106.32883031050645,78.79530075958849,0.02854128231677604,0.028938698019114063,0.00039741570233802273,0.9982519355662556,0.9999377028733393,0.0016857673070836965,1,0.0,0.046,0.0258,0.928571,0.038952,0.02258522,0.947729,0,1,1,0,2,2,DETECTED
instrumental,instrument11.wav,Randomized,5%,1,6000,106.35532880045079,78.82179924953283,0.02854128231677604,0.029142893264571628,0.0006016109477955875,0.9982519355662556,0.9983979999709633,0.0001460644047077686,1,0.0,0.0669,0.0484,0.928571,0.0037,0.00330611,0.910031,0,0,0,0,0,0,SAFE
instrumental,instrument11.wav,Adaptive,5%,1,6000,106.31824016476489,78.78471061384693,0.02854128231677604,0.029129432279195105,0.0005881499624190642,0.9982519355662556,0.9982842820092409,3.2346442985331514e-05,1,0.0,0.2671,0.4423,0.928571,0.000927,0.00112401,0.907703,0,0,0,0,0,0,SAFE
instrumental,instrument11.wav,Sequential,10%,1,12041,103.32248584103796,75.78895629012,0.02854128231677604,0.029459717297040465,0.0009184349802644244,0.9982519355662556,0.9999479516219448,0.0016960160556892534,1,0.0,0.0734,0.0504,1.0,0.039854,0.02286398,0.948392,0,1,1,0,2,2,DETECTED
instrumental,instrument11.wav,Randomized,10%,1,12041,103.34484803468423,75.81131848376627,0.02854128231677604,0.029633591389601744,0.0010923090728257034,0.9982519355662556,0.9985376861001907,0.00028575053393509187,1,0.0,0.1684,0.1495,0.928571,0.006978,0.00558438,0.912793,0,0,0,0,0,0,SAFE
instrumental,instrument11.wav,Adaptive,10%,1,12041,103.31826079270385,75.78473124178589,0.02854128231677604,0.02965021600510093,0.0011089336883248896,0.9982519355662556,0.9983328808822385,8.094531598290544e-05,1,0.0,0.2791,0.4749,0.928571,0.002715,0.0014336,0.907518,0,0,0,0,0,0,SAFE
instrumental,instrument11.wav,Sequential,25%,1,30164,99.33201945612265,71.7984899052047,0.02854128231677604,0.030723692925038452,0.002182410608262412,0.9982519355662556,0.9999467785794802,0.001694843013224645,1,0.0,0.1639,0.1149,1.0,0.041493,0.02262898,0.9478,0,1,1,0,2,2,DETECTED
instrumental,instrument11.wav,Randomized,25%,1,30164,99.34258212855421,71.80905257763625,0.02854128231677604,0.030833592475367582,0.0022923101585915415,0.9982519355662556,0.999020825010158,0.0007688894439024097,1,0.0,0.3651,0.3559,0.928571,0.024359,0.01318951,0.919889,0,1,1,0,2,2,DETECTED
instrumental,instrument11.wav,Adaptive,25%,1,30164,99.36396559699705,71.83043604607909,0.02854128231677604,0.03083683372075961,0.0022955514039835687,0.9982519355662556,0.9984226784775954,0.00017074291133978292,1,0.0,0.3724,0.5474,0.928571,0.006026,0.00395476,0.907614,0,0,0,0,0,0,SAFE
instrumental,instrument11.wav,Sequential,50%,1,60368,96.31768444680434,68.78415489588637,0.02854128231677604,0.03223749118564407,0.003696208868868029,0.9982519355662556,0.9999566110467436,0.001704675480488027,1,0.0,0.318,0.2271,0.928571,0.050796,0.02461589,0.947767,0,1,1,0,2,2,DETECTED
instrumental,instrument11.wav,Randomized,50%,1,60368,96.33508883091166,68.8015592799937,0.02854128231677604,0.032301264444201894,0.003759982127425853,0.9982519355662556,0.9995715619839006,0.0013196264176450478,1,0.0,0.7105,0.6538,0.928571,0.047154,0.02308524,0.931826,0,1,1,0,2,2,DETECTED
instrumental,instrument11.wav,Adaptive,50%,1,60368,96.32866857180102,68.79513902088307,0.02854128231677604,0.03233829951170242,0.003797017194926377,0.9982519355662556,0.9986397900519121,0.0003878544856564803,1,0.0,0.5574,0.6756,0.928571,0.012432,0.00681219,0.91195,0,0,0,0,0,0,SAFE
instrumental,instrument2.wav,Control,0%,1,0,,,0.02518437870965089,0.02518437870965089,0.0,0.9993107968120611,0.9993107968120611,0.0,,,,,0.909091,0.001227,-0.00083614,0.866252,0,0,0,0,0,0,SAFE
instrumental,instrument2.wav,Sequential,1%,1,872,113.43453346954148,99.62731382415548,0.02518437870965089,0.02519221454867227,7.835839021377855e-06,0.9993107968120611,0.9996766857460009,0.00036588893393973976,1,0.0,0.0259,0.007,0.909091,0.008325,0.00409843,0.877054,0,0,0,0,0,0,SAFE
instrumental,instrument2.wav,Randomized,1%,1,872,113.3271756659833,99.51995602059732,0.02518437870965089,0.025199424692885483,1.5045983234592691e-05,0.9993107968120611,0.9993358483837568,2.5051571695633434e-05,1,0.0,0.0276,0.0148,0.909091,0.000175,-0.00028926,0.866428,0,0,0,0,0,0,SAFE
instrumental,instrument2.wav,Adaptive,1%,1,872,113.30578180587779,99.49856216049179,0.02518437870965089,0.025201609636758916,1.723092710802579e-05,0.9993107968120611,0.9993099415470479,8.552650132553907e-07,1,0.0,0.1796,0.3147,0.909091,0.001479,-0.00103717,0.86638,0,0,0,0,0,0,SAFE
instrumental,instrument2.wav,Sequential,5%,1,4524,106.33414075917128,92.52692111378528,0.02518437870965089,0.02524166456657487,5.728585692398036e-05,0.9993107968120611,0.99999664127975,0.0006858444676888231,1,0.0,0.0422,0.0192,0.909091,0.029903,0.01638897,0.902506,0,1,1,0,2,2,DETECTED
instrumental,instrument2.wav,Randomized,5%,1,4524,106.35012371109735,92.54290406571137,0.02518437870965089,0.02525506223475668,7.068352510579065e-05,0.9993107968120611,0.9993578448432705,4.7048031209362406e-05,1,0.0,0.0594,0.039,0.909091,0.003045,0.00059321,0.868281,0,0,0,0,0,0,SAFE
instrumental,instrument2.wav,Adaptive,5%,1,4524,106.33962081645238,92.5324011710664,0.02518437870965089,0.025260581458637472,7.6202748986582e-05,0.9993107968120611,0.999320776117955,9.979305893859092e-06,1,0.0,0.1962,0.3368,0.909091,0.001292,-0.00051318,0.865696,0,0,0,0,0,0,SAFE
instrumental,instrument2.wav,Sequential,10%,1,9089,103.31658441852247,89.50936477313647,0.02518437870965089,0.025310259372843924,0.00012588066319303357,0.9993107968120611,0.9999965554920692,0.0006857586800080862,1,0.0,0.0627,0.0363,1.0,0.03205,0.01655886,0.902473,0,1,1,0,2,2,DETECTED
instrumental,instrument2.wav,Randomized,10%,1,9089,103.30341120275178,89.49619155736578,0.02518437870965089,0.025337399950289066,0.00015302124063817577,0.9993107968120611,0.9994197071109469,0.00010891029888571158,1,0.0,0.0957,0.1078,0.909091,0.005816,0.0025851,0.87,0,0,0,0,0,0,SAFE
instrumental,instrument2.wav,Adaptive,10%,1,9089,103.31789205106165,89.51067240567565,0.02518437870965089,0.025335481217485578,0.00015110250783468768,0.9993107968120611,0.9993405163023549,2.9719490293733664e-05,1,0.0,0.3846,0.6516,0.909091,0.000591,-5.67e-06,0.86586,0,0,0,0,0,0,SAFE
instrumental,instrument2.wav,Sequential,25%,1,22784,99.34405975156176,85.53684010617576,0.02518437870965089,0.025532723995660027,0.0003483452860091364,0.9993107968120611,0.9999997038219937,0.0006889070099325156,1,0.0,0.2297,0.1609,0.909091,0.032959,0.01678742,0.902026,0,1,1,0,2,2,DETECTED
instrumental,instrument2.wav,Randomized,25%,1,22784,99.34677485131824,85.53955520593226,0.02518437870965089,0.025549887567849896,0.0003655088581990054,0.9993107968120611,0.9995758292098598,0.00026503239779862575,1,0.0,0.4736,0.4101,0.909091,0.012136,0.00624762,0.875483,0,0,0,0,0,0,SAFE
instrumental,instrument2.wav,Adaptive,25%,1,22784,99.33122176567407,85.52400212028807,0.02518437870965089,0.025549024436199035,0.0003646457265481448,0.9993107968120611,0.9993750588920512,6.426207999010725e-05,1,0.0,0.5192,0.7608,0.909091,0.001774,0.00079489,0.867601,0,0,0,0,0,0,SAFE
instrumental,instrument2.wav,Sequential,50%,1,45608,96.32923839728497,82.52201875189897,0.02518437870965089,0.025851270827153414,0.0006668921175025239,0.9993107968120611,0.9999999836376212,0.000689186825560073,1,0.0,0.4123,0.3179,0.909091,0.022454,0.01531232,0.902042,0,1,1,0,2,2,DETECTED
instrumental,instrument2.wav,Randomized,50%,1,45608,96.33499805093751,82.52777840555153,0.02518437870965089,0.02587638023447959,0.000692001524828699,0.9993107968120611,0.9998298198046877,0.0005190229926265166,1,0.0,0.8665,1.0481,0.909091,0.021742,0.01147461,0.884329,0,1,1,0,2,2,DETECTED
instrumental,instrument2.wav,Adaptive,50%,1,45608,96.33387884266004,82.52665919727406,0.02518437870965089,0.0258570906483679,0.0006727119387170098,0.9993107968120611,0.999305044139631,5.752672430192618e-06,1,0.0,0.7127,0.9114,0.909091,0.007317,0.00156258,0.868378,0,0,0,0,0,0,SAFE
instrumental,instrument3.wav,Control,0%,1,0,,,0.15620493338227745,0.15620493338227745,0.0,0.9999999829056531,0.9999999829056531,0.0,,,,,1.0,0.005809,0.00157954,0.932571,0,0,0,0,0,0,SAFE
instrumental,instrument3.wav,Sequential,1%,1,1421,113.4169966350089,97.25831248389945,0.15620493338227745,0.15670133130336075,0.0004963979210833025,0.9999999829056531,0.9999999947239672,1.181831410512757e-08,1,0.0,0.0282,0.0183,1.0,0.005733,0.00160085,0.93276,0,0,0,0,0,0,SAFE
instrumental,instrument3.wav,Randomized,1%,1,1421,113.34316856185414,97.1844844107447,0.15620493338227745,0.1567061145895326,0.0005011812072551469,0.9999999829056531,0.9999999735269768,9.378676280036302e-09,1,0.0,0.0738,0.036,1.0,0.00637,0.00171627,0.932536,0,0,0,0,0,0,SAFE
instrumental,instrument3.wav,Adaptive,1%,1,1421,113.42003684851706,97.2613526974076,0.15620493338227745,0.15667345175709282,0.0004685183748153743,0.9999999829056531,0.9999999864933555,3.587702468443865e-09,1,0.0,0.508,0.9442,1.0,0.005795,0.00171094,0.932656,0,0,0,0,0,0,SAFE
instrumental,instrument3.wav,Sequential,5%,1,7268,106.33944794056517,90.18076378945571,0.15620493338227745,0.15848009826675544,0.002275164884477987,0.9999999829056531,0.9999999550144321,2.7891220999443078e-08,1,0.0,0.0923,0.0573,1.0,0.01068,0.00352567,0.932562,0,0,0,0,0,0,SAFE
instrumental,instrument3.wav,Randomized,5%,1,7268,106.31939085855927,90.16070670744982,0.15620493338227745,0.1584726581804607,0.0022677247981832405,0.9999999829056531,0.9999999953380972,1.2432444185250802e-08,1,0.0,0.1276,0.1071,1.0,0.008388,0.00216758,0.932801,0,0,0,0,0,0,SAFE
instrumental,instrument3.wav,Adaptive,5%,1,7268,106.34854124314624,90.18985709203679,0.15620493338227745,0.15841319749632005,0.0022082641140425963,0.9999999829056531,0.9999999999810064,1.707535335349064e-08,1,0.0,0.5453,0.9833,1.0,0.007704,0.00245562,0.932896,0,0,0,0,0,0,SAFE
instrumental,instrument3.wav,Sequential,10%,1,14576,103.31413359505643,87.15544944394696,0.15620493338227745,0.1602689353859616,0.004064002003684147,0.9999999829056531,0.9999999797315917,3.1740613470887524e-09,1,0.0,0.1604,0.1085,1.0,0.0151,0.00448724,0.932981,0,0,0,0,0,0,SAFE
instrumental,instrument3.wav,Randomized,10%,1,14576,103.31576630899795,87.1570821578885,0.15620493338227745,0.1602560839106966,0.004051150528419145,0.9999999829056531,0.9999999654229901,1.748266298395862e-08,1,0.0,0.2588,0.2099,1.0,0.009893,0.0023667,0.932749,0,0,0,0,0,0,SAFE
instrumental,instrument3.wav,Adaptive,10%,1,14576,103.3357797435829,87.17709559247346,0.15620493338227745,0.1602539321530813,0.004048998770803863,0.9999999829056531,0.9999999982251426,1.5319489565790434e-08,1,0.0,0.6265,1.0416,1.0,0.009031,0.00316755,0.932524,0,0,0,0,0,0,SAFE
instrumental,instrument3.wav,Sequential,25%,1,36500,99.33529746739492,83.17661331628545,0.15620493338227745,0.1643164372898014,0.008111503907523937,0.9999999829056531,0.9999993334385547,6.494670983236972e-07,1,0.0,0.3508,0.2543,1.0,0.022667,0.00729664,0.933038,0,1,0,0,1,1,SUSPICIOUS
instrumental,instrument3.wav,Randomized,25%,1,36500,99.34465800238223,83.18597385127278,0.15620493338227745,0.16427891350684481,0.008073980124567365,0.9999999829056531,0.9999999984615088,1.5555855714666222e-08,1,0.0,0.6311,0.5557,1.0,0.01588,0.00505003,0.932781,0,0,0,0,0,0,SAFE
instrumental,instrument3.wav,Adaptive,25%,1,36500,99.34150585528255,83.18282170417308,0.15620493338227745,0.16425685087076236,0.008051917488484911,0.9999999829056531,0.9999999730521338,9.853519222779994e-09,1,0.0,0.83,1.2213,1.0,0.015066,0.00523777,0.932108,0,0,0,0,0,0,SAFE
instrumental,instrument3.wav,Sequential,50%,1,73040,96.32194113622819,80.16325698511875,0.15620493338227745,0.16856986153890827,0.012364928156630817,0.9999999829056531,0.9999997473497603,2.3555589279133926e-07,1,0.0,0.691,0.5088,1.0,0.035379,0.01137238,0.935068,0,1,1,0,2,2,DETECTED
instrumental,instrument3.wav,Randomized,50%,1,73040,96.32599203804999,80.16730788694053,0.15620493338227745,0.16852205849167176,0.012317125109394311,0.9999999829056531,0.9999997310299331,2.5187571994766955e-07,1,0.0,1.4507,1.2888,1.0,0.033703,0.01030752,0.934426,0,1,1,0,2,2,DETECTED
instrumental,instrument3.wav,Adaptive,50%,1,73040,96.33623257619674,80.17754842508728,0.15620493338227745,0.16866565299771163,0.012460719615434185,0.9999999829056531,0.9999989658972913,1.0170083617477843e-06,1,0.0,1.1677,1.4967,1.0,0.022297,0.0072374,0.931997,0,1,0,0,1,1,SUSPICIOUS
instrumental,instrument4.wav,Control,0%,1,0,,,0.13983192275151596,0.13983192275151596,0.0,0.9999997496335262,0.9999997496335262,0.0,,,,,1.0,0.002393,-0.00098212,0.969949,0,0,0,0,0,0,SAFE
instrumental,instrument4.wav,Sequential,1%,1,4033,113.33319282673432,96.99110835858596,0.13983192275151596,0.14027745518964596,0.000445532438130003,0.9999997496335262,0.9999998630536718,1.13420145608778e-07,1,0.0,0.0954,0.0511,1.0,0.002226,-0.00101978,0.970017,0,0,0,0,0,0,SAFE
instrumental,instrument4.wav,Randomized,1%,1,4033,113.33239073146581,96.99030626331745,0.13983192275151596,0.14027843929366693,0.0004465165421509709,0.9999997496335262,0.9999997245183662,2.5115160062760822e-08,1,0.0,0.1158,0.0798,1.0,0.002069,-0.00094383,0.969989,0,0,0,0,0,0,SAFE
instrumental,instrument4.wav,Adaptive,1%,1,4033,113.33239073146581,96.99030626331745,0.13983192275151596,0.1402955420854447,0.0004636193339287442,0.9999997496335262,0.9999997511958718,1.5623455862368019e-09,1,0.0,1.5624,2.9613,1.0,0.002727,-0.00106794,0.970001,0,0,0,0,0,0,SAFE
instrumental,instrument4.wav,Sequential,5%,1,20328,106.32412354232969,89.98203907418132,0.13983192275151596,0.14186985442762093,0.0020379316761049704,0.9999997496335262,0.9999999437585537,1.9412502749727167e-07,1,0.0,0.2405,0.1638,1.0,0.000751,-0.00033088,0.970096,0,0,0,0,0,0,SAFE
instrumental,instrument4.wav,Randomized,5%,1,20328,106.32843812313212,89.98635365498376,0.13983192275151596,0.14185872177312608,0.002026799021610126,0.9999997496335262,0.9999993149303206,4.347032056539746e-07,1,0.0,0.3736,0.3119,1.0,0.002069,-0.00090925,0.970149,0,0,0,0,0,0,SAFE
instrumental,instrument4.wav,Adaptive,5%,1,20328,106.33852217902545,89.99643771087707,0.13983192275151596,0.1418651866536324,0.0020332639021164445,0.9999997496335262,0.9999997212257858,2.840774038226357e-08,1,0.0,1.6984,3.0492,1.0,0.001745,-0.00073383,0.969807,0,0,0,0,0,0,SAFE
instrumental,instrument4.wav,Sequential,10%,1,40697,103.32464477167987,86.98256030353151,0.13983192275151596,0.14341652466392035,0.003584601912404395,0.9999997496335262,0.9999995728024067,1.768311195249339e-07,1,0.0,0.4219,0.3012,1.0,0.000542,-0.00025792,0.970318,0,0,0,0,0,0,SAFE
instrumental,instrument4.wav,Randomized,10%,1,40697,103.3345567287605,86.99247226061215,0.13983192275151596,0.14350823619809594,0.003676313446579982,0.9999997496335262,0.9999996094540965,1.40179429730658e-07,1,0.0,0.7294,0.6343,1.0,0.00121,-0.00092469,0.970175,0,0,0,0,0,0,SAFE
instrumental,instrument4.wav,Adaptive,10%,1,40697,103.3250717750791,86.98298730693071,0.13983192275151596,0.1434846235217206,0.003652700770204631,0.9999997496335262,0.999999898913453,1.4927992675328738e-07,1,0.0,1.8909,3.231,1.0,0.00108,-0.00040074,0.969995,0,0,0,0,0,0,SAFE
instrumental,instrument4.wav,Sequential,25%,1,101804,99.34245951801265,83.00037504986427,0.13983192275151596,0.14717826995794742,0.007346347206431458,0.9999997496335262,0.9999998186665967,6.903307048222729e-08,1,0.0,0.9632,0.7343,1.0,0.00243,0.00030696,0.970335,0,0,0,0,0,0,SAFE
instrumental,instrument4.wav,Randomized,25%,1,101804,99.33676669006063,82.99468222191226,0.13983192275151596,0.14715894738318847,0.007327024631672507,0.9999997496335262,0.9999997614865429,1.1853016679275186e-08,1,0.0,2.2405,2.0011,1.0,0.000592,-0.00060223,0.970077,0,0,0,0,0,0,SAFE
instrumental,instrument4.wav,Adaptive,25%,1,101804,99.34771120865041,83.00562674050205,0.13983192275151596,0.147091402223922,0.007259479472406044,0.9999997496335262,0.9999999855036841,2.3587015784976018e-07,1,0.0,2.5843,3.735,1.0,0.001905,-1.86e-06,0.970363,0,0,0,0,0,0,SAFE
instrumental,instrument4.wav,Sequential,50%,1,203648,96.32619507148645,79.9841106033381,0.13983192275151596,0.15110778170590555,0.011275858954389595,0.9999997496335262,0.9999993797558562,3.6987767004781347e-07,1,0.0,1.8661,1.4371,1.0,0.007335,0.00069588,0.970071,0,0,0,0,0,0,SAFE
instrumental,instrument4.wav,Randomized,50%,1,203648,96.32734575612066,79.98526128797229,0.13983192275151596,0.15111503355042538,0.011283110798909424,0.9999997496335262,0.9999994953091353,2.543243908803561e-07,1,0.0,4.0547,3.6815,1.0,0.006358,0.00188121,0.970405,0,0,0,0,0,0,SAFE
instrumental,instrument4.wav,Adaptive,50%,1,203648,96.32731378854145,79.98522932039309,0.13983192275151596,0.15107072051229514,0.011238797760779184,0.9999997496335262,0.9999992702204962,4.794130300522781e-07,1,0.0,3.4613,4.5011,1.0,0.008032,0.00212967,0.970306,0,0,0,0,0,0,SAFE
instrumental,instrument5.wav,Control,0%,1,0,,,0.019158529598553495,0.019158529598553495,0.0,0.9999928578941628,0.9999928578941628,0.0,,,,,0.941176,0.000543,0.0007381,0.917605,0,0,0,0,0,0,SAFE
instrumental,instrument5.wav,Sequential,1%,1,1395,113.38972551862808,96.70884209744776,0.019158529598553495,0.01922358183324266,6.505223468916341e-05,0.9999928578941628,0.9999972415250202,4.383630857418552e-06,1,0.0,0.0339,0.0185,0.941176,0.003984,0.00248617,0.915725,0,0,0,0,0,0,SAFE
instrumental,instrument5.wav,Randomized,1%,1,1395,113.36214144327823,96.6812580220979,0.019158529598553495,0.019224713678240628,6.618407968713227e-05,0.9999928578941628,0.9999939944210687,1.1365269059204763e-06,1,0.0,0.0531,0.0281,0.941176,0.001895,0.00119479,0.917612,0,0,0,0,0,0,SAFE
instrumental,instrument5.wav,Adaptive,1%,1,1395,113.37361352396249,96.69273010278215,0.019158529598553495,0.019219988839338356,6.145924078486062e-05,0.9999928578941628,0.9999928657969204,7.90275755946368e-09,1,0.0,0.5256,0.9348,0.941176,0.000919,0.00084415,0.917661,0,0,0,0,0,0,SAFE
instrumental,instrument5.wav,Sequential,5%,1,7138,106.33790275994978,89.65701933876944,0.019158529598553495,0.019461471066071885,0.0003029414675183896,0.9999928578941628,0.9999967123125028,3.854418339943599e-06,1,0.0,0.0805,0.0562,0.941176,0.007523,0.00399059,0.914271,0,0,0,0,0,0,SAFE
instrumental,instrument5.wav,Randomized,5%,1,7138,106.341238122329,89.66035470114866,0.019158529598553495,0.019461436792501553,0.0003029071939480571,0.9999928578941628,0.9999946906091229,1.8327149601260473e-06,1,0.0,0.1344,0.1099,0.941176,0.005642,0.00241945,0.917108,0,0,0,0,0,0,SAFE
instrumental,instrument5.wav,Adaptive,5%,1,7138,106.32156621320729,89.64068279202695,0.019158529598553495,0.019459774642012387,0.00030124504345889133,0.9999928578941628,0.999991285726061,1.5721681018154854e-06,1,0.0,0.556,0.9668,0.941176,0.001588,0.00107968,0.917765,0,0,0,0,0,0,SAFE
instrumental,instrument5.wav,Sequential,10%,1,14316,103.33169655996667,86.65081313878633,0.019158529598553495,0.019698908455053638,0.0005403788565001427,0.9999928578941628,0.9999982085421352,5.350647972357514e-06,1,0.0,0.1566,0.1118,0.941176,0.006241,0.00315927,0.914609,0,0,0,0,0,0,SAFE
instrumental,instrument5.wav,Randomized,10%,1,14316,103.33321374594509,86.65233032476476,0.019158529598553495,0.019714843882465978,0.0005563142839124825,0.9999928578941628,0.9999943513901353,1.493495972448855e-06,1,0.0,0.2604,0.2189,0.941176,0.00638,0.00240863,0.917254,0,0,0,0,0,0,SAFE
instrumental,instrument5.wav,Adaptive,10%,1,14316,103.32305870605629,86.64217528487596,0.019158529598553495,0.019699711656838374,0.0005411820582848781,0.9999928578941628,0.9999938044750045,9.465808417097321e-07,1,0.0,0.6273,1.0249,0.941176,0.001114,0.00090347,0.917968,0,0,0,0,0,0,SAFE
instrumental,instrument5.wav,Sequential,25%,1,35852,99.34959719288752,82.66871377170717,0.019158529598553495,0.020267592419951,0.001109062821397503,0.9999928578941628,0.999996604171998,3.746277835170453e-06,1,0.0,0.3589,0.2521,0.941176,0.011291,0.00454797,0.923743,0,0,0,0,0,0,SAFE
instrumental,instrument5.wav,Randomized,25%,1,35852,99.33464509400838,82.65376167282804,0.019158529598553495,0.02026659065895957,0.001108061060406073,0.9999928578941628,0.9999978821281925,5.024234029704644e-06,1,0.0,0.6503,0.5644,0.941176,0.012064,0.00463127,0.915737,0,0,0,0,0,0,SAFE
instrumental,instrument5.wav,Adaptive,25%,1,35852,99.34099496015196,82.66011153897162,0.019158529598553495,0.02027222529362709,0.0011136956950735938,0.9999928578941628,0.9999940161476251,1.15825346225229e-06,1,0.0,0.819,1.1893,0.941176,0.000787,-0.00086962,0.917832,0,0,0,0,0,0,SAFE
instrumental,instrument5.wav,Sequential,50%,1,71744,96.32637003869492,79.64548661751459,0.019158529598553495,0.020895207830170605,0.0017366782316171094,0.9999928578941628,0.9999990843744287,6.226480265936196e-06,1,0.0,0.6624,0.5046,1.0,0.015407,0.00758261,0.913278,0,0,0,0,0,0,SAFE
instrumental,instrument5.wav,Randomized,50%,1,71744,96.32600730038921,79.64512387920887,0.019158529598553495,0.02090459346563723,0.0017460638670837338,0.9999928578941628,0.9999997117810452,6.853886882374205e-06,1,0.0,1.3725,1.2244,1.0,0.020722,0.0097072,0.91349,0,1,1,0,2,2,DETECTED
instrumental,instrument5.wav,Adaptive,50%,1,71744,96.3288949319675,79.64801151078716,0.019158529598553495,0.020890315960989572,0.0017317863624360767,0.9999928578941628,0.9999917678448724,1.0900492903864745e-06,1,0.0,1.1986,1.509,0.941176,0.001672,0.00197247,0.916963,0,0,0,0,0,0,SAFE
instrumental,instrument6.wav,Control,0%,1,0,,,0.02234983153974695,0.02234983153974695,0.0,0.9999935048937212,0.9999935048937212,0.0,,,,,1.0,0.005046,-0.00149089,0.921627,0,0,0,0,0,0,SAFE
instrumental,instrument6.wav,Sequential,1%,1,776,113.30167483594133,92.2512964554732,0.02234983153974695,0.022620381822613667,0.0002705502828667175,0.9999935048937212,0.9999979764762112,4.471582490062076e-06,1,0.0,0.0303,0.0115,1.0,0.002988,-0.0009258,0.921585,0,0,0,0,0,0,SAFE
instrumental,instrument6.wav,Randomized,1%,1,776,113.48564519245917,92.43526681199106,0.02234983153974695,0.022627962545303394,0.0002781310055564451,0.9999935048937212,0.9999937802733679,2.753796467525049e-07,1,0.0,0.0367,0.0169,1.0,0.00463,-0.0015001,0.921577,0,0,0,0,0,0,SAFE
instrumental,instrument6.wav,Adaptive,1%,1,776,113.2555639618018,92.20518558133367,0.02234983153974695,0.022633469669044858,0.00028363812929790844,0.9999935048937212,0.999993182870119,3.220236022283274e-07,1,0.0,0.2878,0.529,1.0,0.005083,-0.00140494,0.921968,0,0,0,0,0,0,SAFE
instrumental,instrument6.wav,Sequential,5%,1,4042,106.37010914770133,85.31973076723318,0.02234983153974695,0.023698750792765778,0.0013489192530188286,0.9999935048937212,0.9999979467734927,4.4418797715550795e-06,1,0.0,0.0612,0.0325,1.0,0.003907,-0.00076598,0.921563,0,0,0,0,0,0,SAFE
instrumental,instrument6.wav,Randomized,5%,1,4042,106.36447505633511,85.31409667586698,0.02234983153974695,0.023686399679490246,0.0013365681397432966,0.9999935048937212,0.9999945706227007,1.0657289795101832e-06,1,0.0,0.0912,0.0658,1.0,0.001604,-0.00100569,0.92172,0,0,0,0,0,0,SAFE
instrumental,instrument6.wav,Adaptive,5%,1,4042,106.34628132299369,85.29590294252556,0.02234983153974695,0.023697854309912145,0.0013480227701651963,0.9999935048937212,0.9999933179934357,1.8690028547041493e-07,1,0.0,0.3175,0.5455,1.0,0.003993,-0.00141108,0.922006,0,0,0,0,0,0,SAFE
instrumental,instrument6.wav,Sequential,10%,1,8124,103.32691300195559,82.27653462148746,0.02234983153974695,0.024870343119345478,0.0025205115795985285,0.9999935048937212,0.9999981146087253,4.6097150041557455e-06,1,0.0,0.0963,0.062,1.0,0.004091,-1.847e-05,0.921486,0,0,0,0,0,0,SAFE
instrumental,instrument6.wav,Randomized,10%,1,8124,103.34185923781517,82.29148085734705,0.02234983153974695,0.02485915353533856,0.002509321995591611,0.9999935048937212,0.9999943996289071,8.947351859411867e-07,1,0.0,0.1501,0.1159,1.0,0.001874,-0.00117771,0.921935,0,0,0,0,0,0,SAFE
instrumental,instrument6.wav,Adaptive,10%,1,8124,103.29148835454936,82.24110997408121,0.02234983153974695,0.02487483350910847,0.0025250019693615205,0.9999935048937212,0.9999960006764586,2.49578273736617e-06,1,0.0,0.3591,0.588,1.0,0.001972,-0.00049233,0.921224,0,0,0,0,0,0,SAFE
instrumental,instrument6.wav,Sequential,25%,1,20372,99.34037823164216,78.28999985117403,0.02234983153974695,0.027484620650814265,0.005134789111067316,0.9999935048937212,0.9999989394676101,5.434573888907224e-06,1,0.0,0.2115,0.1461,1.0,0.000367,0.00044351,0.922511,0,0,0,0,0,0,SAFE
instrumental,instrument6.wav,Randomized,25%,1,20372,99.3516713434618,78.30129296299367,0.02234983153974695,0.027517292863765103,0.005167461324018154,0.9999935048937212,0.9999980715154395,4.566621718327113e-06,1,0.0,0.4248,0.3709,1.0,0.001396,0.000348,0.921581,0,0,0,0,0,0,SAFE
instrumental,instrument6.wav,Adaptive,25%,1,20372,99.34969825929522,78.29931987882709,0.02234983153974695,0.027502200070767504,0.005152368531020555,0.9999935048937212,0.9999964648291462,2.9599354249842946e-06,1,0.0,0.4605,0.6714,1.0,0.003858,-0.00090121,0.921545,0,0,0,0,0,0,SAFE
instrumental,instrument6.wav,Sequential,50%,1,40784,96.33345780203652,75.2830794215684,0.02234983153974695,0.030591636708352337,0.008241805168605388,0.9999935048937212,0.9999997784403705,6.27354664928248e-06,1,0.0,0.3955,0.2886,1.0,0.003148,-0.0007752,0.922247,0,0,0,0,0,0,SAFE
instrumental,instrument6.wav,Randomized,50%,1,40784,96.3347091601551,75.28433077968697,0.02234983153974695,0.03057754311512959,0.00822771157538264,0.9999935048937212,0.9999995357669157,6.030873194506903e-06,1,0.0,0.7846,0.701,1.0,0.008451,0.00143359,0.920799,0,0,0,0,0,0,SAFE
instrumental,instrument6.wav,Adaptive,50%,1,40784,96.31200128210882,75.26162290164069,0.02234983153974695,0.030600477867989095,0.008250646328242146,0.9999935048937212,0.99999523944203,1.73454830876274e-06,1,0.0,0.6579,0.8302,1.0,0.004911,0.00122369,0.921525,0,0,0,0,0,0,SAFE
instrumental,instrument7.wav,Control,0%,1,0,,,0.1359530991905351,0.1359530991905351,0.0,0.9999968018860796,0.9999968018860796,0.0,,,,,1.0,0.001004,0.0009493,0.964393,0,0,0,0,0,0,SAFE
instrumental,instrument7.wav,Sequential,1%,1,2700,113.28677557491284,89.35004149747488,0.1359530991905351,0.13597193026770238,1.8831077167269505e-05,0.9999968018860796,0.9999984726325609,1.670746481274854e-06,1,0.0,0.0649,0.0357,1.0,0.002697,0.00169294,0.965076,0,0,0,0,0,0,SAFE
instrumental,instrument7.wav,Randomized,1%,1,2700,113.36935714001775,89.43262306257981,0.1359530991905351,0.1359683525010921,1.5253310556989641e-05,0.9999968018860796,0.9999973447781596,5.428920799577241e-07,1,0.0,0.0991,0.0567,1.0,0.001295,0.00125675,0.964657,0,0,0,0,0,0,SAFE
instrumental,instrument7.wav,Adaptive,1%,1,2700,113.36575120749164,89.4290171300537,0.1359530991905351,0.13597333636018083,2.023716964572042e-05,0.9999968018860796,0.9999965820695476,2.1981653208769103e-07,1,0.0,1.0226,1.9625,1.0,0.001226,0.0010805,0.964427,0,0,0,0,0,0,SAFE
instrumental,instrument7.wav,Sequential,5%,1,13661,106.35471732917254,82.41798325173461,0.1359530991905351,0.13604481000875115,9.171081821604532e-05,0.9999968018860796,0.9999984379645303,1.6360784506064263e-06,1,0.0,0.1686,0.1125,1.0,0.006543,0.00271687,0.965211,0,0,0,0,0,0,SAFE
instrumental,instrument7.wav,Randomized,5%,1,13661,106.34468595812783,82.4079518806899,0.1359530991905351,0.13603251482506176,7.941563452665279e-05,0.9999968018860796,0.9999973900368211,5.881507414429166e-07,1,0.0,0.2738,0.2213,1.0,0.004426,0.00172203,0.96471,0,0,0,0,0,0,SAFE
instrumental,instrument7.wav,Adaptive,5%,1,13661,106.32223928945514,82.3855052120172,0.1359530991905351,0.13603720946174977,8.411027121466019e-05,0.9999968018860796,0.9999977913880016,9.895019219552381e-07,1,0.0,1.1379,2.0432,1.0,0.001657,0.00108238,0.964459,0,0,0,0,0,0,SAFE
instrumental,instrument7.wav,Sequential,10%,1,27363,103.32981588156802,79.39308180413009,0.1359530991905351,0.13612192060955014,0.00016882141901503056,0.9999968018860796,0.9999990753749491,2.2734888694975197e-06,1,0.0,0.2983,0.2001,1.0,0.007492,0.00292661,0.964943,0,0,0,0,0,0,SAFE
instrumental,instrument7.wav,Randomized,10%,1,27363,103.2996547720997,79.36292069466175,0.1359530991905351,0.13612708368780777,0.00017398449727265564,0.9999968018860796,0.9999963991922768,4.026938028589555e-07,1,0.0,0.4782,0.429,1.0,0.004875,0.00202056,0.964667,0,0,0,0,0,0,SAFE
instrumental,instrument7.wav,Adaptive,10%,1,27363,103.29823500643396,79.36150092899601,0.1359530991905351,0.13614382768802327,0.0001907284974881629,0.9999968018860796,0.9999988450184736,2.0431323939362755e-06,1,0.0,1.2429,2.0916,1.0,0.003182,0.00195671,0.964642,0,0,0,0,0,0,SAFE
instrumental,instrument7.wav,Sequential,25%,1,68468,99.34543785223755,75.4087037747996,0.1359530991905351,0.13641317580529497,0.00046007661475985784,0.9999968018860796,0.9999984126845567,1.6107984770474815e-06,1,0.0,0.6551,0.4865,1.0,0.014896,0.00503161,0.964567,0,0,0,0,0,0,SAFE
instrumental,instrument7.wav,Randomized,25%,1,68468,99.33663919412373,75.39990511668579,0.1359530991905351,0.13639203448312703,0.0004389352925919243,0.9999968018860796,0.9999965100695601,2.9181651950427323e-07,1,0.0,1.4521,1.276,1.0,0.011207,0.0041765,0.964578,0,0,0,0,0,0,SAFE
instrumental,instrument7.wav,Adaptive,25%,1,68468,99.33942746957544,75.4026933921375,0.1359530991905351,0.13641681591274019,0.0004637167222050764,0.9999968018860796,0.9999980655785476,1.2636924680009542e-06,1,0.0,1.6213,2.4132,1.0,0.005339,0.00270747,0.96507,0,0,0,0,0,0,SAFE
instrumental,instrument7.wav,Sequential,50%,1,136976,96.32835105186754,72.39161697442961,0.1359530991905351,0.13686024031896998,0.000907141128434874,0.9999968018860796,0.9999996215024762,2.8196163965876764e-06,1,0.0,1.2687,0.9465,1.0,0.030902,0.00867291,0.965686,0,1,1,0,2,2,DETECTED
instrumental,instrument7.wav,Randomized,50%,1,136976,96.32737671041355,72.39064263297561,0.1359530991905351,0.1368739133451299,0.0009208141545948012,0.9999968018860796,0.999997724094993,9.222089133453792e-07,1,0.0,2.7231,2.4002,1.0,0.023329,0.0062649,0.96611,0,1,0,0,1,1,SUSPICIOUS
instrumental,instrument7.wav,Adaptive,50%,1,136976,96.33316259111496,72.39642851367702,0.1359530991905351,0.13686675208813526,0.0009136528976001479,0.9999968018860796,0.9999983714190079,1.5695329282916504e-06,1,0.0,2.3081,3.0025,1.0,0.017326,0.00494188,0.965345,0,1,0,0,1,1,SUSPICIOUS
instrumental,instrument8.wav,Control,0%,1,0,,,0.1423388750430734,0.1423388750430734,0.0,0.9983404718976683,0.9983404718976683,0.0,,,,,0.85,0.003195,0.00066457,0.883385,0,0,0,0,0,0,SAFE
instrumental,instrument8.wav,Sequential,1%,1,1603,113.33635484816821,93.53865860321707,0.1423388750430734,0.1425677626706104,0.00022888762753697778,0.9983404718976683,0.9989426441807745,0.0006021722831062171,1,0.0,0.0451,0.0237,0.9,0.012988,0.00621789,0.883321,0,0,0,0,0,0,SAFE
instrumental,instrument8.wav,Randomized,1%,1,1603,113.25355448159124,93.45585823664011,0.1423388750430734,0.14279392293344073,0.00045504789036732163,0.9983404718976683,0.9983752637474305,3.4791849762183524e-05,1,0.0,0.0425,0.0309,0.85,0.005064,0.00157245,0.883301,0,0,0,0,0,0,SAFE
instrumental,instrument8.wav,Adaptive,1%,1,1603,113.32972540890344,93.53202916395233,0.1423388750430734,0.14275340709879206,0.00041453205571864715,0.9983404718976683,0.9983631494989534,2.2677601285159277e-05,1,0.0,0.6072,1.1428,0.85,0.00325,0.00082828,0.883442,0,0,0,0,0,0,SAFE
instrumental,instrument8.wav,Sequential,5%,1,8175,106.3469201929849,86.54922394803377,0.1423388750430734,0.14425725502135886,0.0019183799782854505,0.9983404718976683,0.998956888499278,0.000616416601609715,1,0.0,0.0935,0.0656,0.9,0.014534,0.00658672,0.883646,0,0,0,0,0,0,SAFE
instrumental,instrument8.wav,Randomized,5%,1,8175,106.30308636553377,86.50539012058266,0.1423388750430734,0.14433266001608613,0.0019937849730127244,0.9983404718976683,0.9984919210520334,0.0001514491543651575,1,0.0,0.1432,0.122,0.85,0.012599,0.00562553,0.883208,0,0,0,0,0,0,SAFE
instrumental,instrument8.wav,Adaptive,5%,1,8175,106.32824994396208,86.53055369901095,0.1423388750430734,0.1444182589636458,0.0020793839205723863,0.9983404718976683,0.9983861903900896,4.571849242129833e-05,1,0.0,0.6303,1.1435,0.85,0.004376,0.00200304,0.88314,0,0,0,0,0,0,SAFE
instrumental,instrument8.wav,Sequential,10%,1,16390,103.30462542981672,83.5069291848656,0.1423388750430734,0.14590691619997626,0.003568041156902846,0.9983404718976683,0.9989688786527724,0.0006284067551041161,1,0.0,0.166,0.1192,0.9,0.016068,0.00721294,0.883508,0,0,0,0,0,0,SAFE
instrumental,instrument8.wav,Randomized,10%,1,16390,103.33449758487612,83.53680133992499,0.1423388750430734,0.145988151813949,0.0036492767708755924,0.9983404718976683,0.9986290418758988,0.0002885699782305684,1,0.0,0.2836,0.2383,0.85,0.020346,0.00964538,0.882863,0,1,1,0,2,2,DETECTED
instrumental,instrument8.wav,Adaptive,10%,1,16390,103.33111675196449,83.53342050701336,0.1423388750430734,0.14602439428530786,0.003685519242234453,0.9983404718976683,0.9984256311792479,8.515928157959429e-05,1,0.0,0.7149,1.2164,0.85,0.008527,0.00385753,0.884635,0,0,0,0,0,0,SAFE
instrumental,instrument8.wav,Sequential,25%,1,41036,99.33847062398537,79.54077437903425,0.1423388750430734,0.14962470946060058,0.0072858344175271705,0.9983404718976683,0.9989535455918042,0.0006130736941358794,1,0.0,0.3854,0.2919,0.9,0.0114,0.00524532,0.893277,0,0,0,0,0,0,SAFE
instrumental,instrument8.wav,Randomized,25%,1,41036,99.32185451366558,79.52415826871447,0.1423388750430734,0.14963083399875798,0.007291958955684574,0.9983404718976683,0.9990460825508721,0.0007056106532038475,1,0.0,0.7316,0.641,0.85,0.050827,0.02474393,0.881699,0,1,1,0,2,2,DETECTED
instrumental,instrument8.wav,Adaptive,25%,1,41036,99.3360929981529,79.5383967532018,0.1423388750430734,0.14969897916420224,0.007360104121128835,0.9983404718976683,0.9985254742560381,0.00018500235836982348,1,0.0,0.9372,1.3882,0.85,0.015806,0.01013111,0.887795,0,0,1,0,1,1,SUSPICIOUS
instrumental,instrument8.wav,Sequential,50%,1,82112,96.32617601550012,76.528479770549,0.1423388750430734,0.15342798272894104,0.011089107685867627,0.9983404718976683,0.9989096861393072,0.0005692142416389157,1,0.0,0.7674,0.5723,0.85,0.012404,0.00560832,0.883544,0,0,0,0,0,0,SAFE
instrumental,instrument8.wav,Randomized,50%,1,82112,96.33150153184336,76.53380528689223,0.1423388750430734,0.15341944408110483,0.011080569038031424,0.9983404718976683,0.9995932789511719,0.0012528070535036129,1,0.0,1.5737,1.4254,0.85,0.083577,0.04166333,0.879665,0,1,1,0,2,2,DETECTED
instrumental,instrument8.wav,Adaptive,50%,1,82112,96.33605255402759,76.53835630907646,0.1423388750430734,0.15351174249711308,0.01117286745403967,0.9983404718976683,0.9989188021860665,0.0005783302883982655,1,0.0,1.3268,1.7011,0.85,0.032957,0.01724846,0.894111,0,1,1,0,2,2,DETECTED
instrumental,instrument9.wav,Control,0%,1,0,,,0.12048478569298399,0.12048478569298399,0.0,0.9996984977041755,0.9996984977041755,0.0,,,,,0.947368,0.005924,0.00294986,0.890792,0,0,0,0,0,0,SAFE
instrumental,instrument9.wav,Sequential,1%,1,1595,113.37942507638466,100.0622804716805,0.12048478569298399,0.12088624251809511,0.0004014568251111267,0.9996984977041755,0.9997665107711728,6.801306699733001e-05,1,0.0,0.0348,0.0225,0.947368,0.009157,0.00457379,0.890317,0,0,0,0,0,0,SAFE
instrumental,instrument9.wav,Randomized,1%,1,1595,113.36732772923384,100.05018312452967,0.12048478569298399,0.12090379981648215,0.00041901412349816536,0.9996984977041755,0.9996983624464393,1.3525773623346282e-07,1,0.0,0.0567,0.0311,0.947368,0.006376,0.00324445,0.890596,0,0,0,0,0,0,SAFE
instrumental,instrument9.wav,Adaptive,1%,1,1595,113.37001311798474,100.05286851328059,0.12048478569298399,0.12088612129014406,0.00040133559716007405,0.9996984977041755,0.9997052664827963,6.768778620824811e-06,1,0.0,0.5742,1.0998,0.947368,0.005844,0.00300116,0.890755,0,0,0,0,0,0,SAFE
instrumental,instrument9.wav,Sequential,5%,1,8139,106.35740641723989,93.0402618125357,0.12048478569298399,0.12235152913219956,0.0018667434392155707,0.9996984977041755,0.9997699493671544,7.145166297883865e-05,1,0.0,0.1057,0.0667,1.0,0.00725,0.00401147,0.890214,0,0,0,0,0,0,SAFE
instrumental,instrument9.wav,Randomized,5%,1,8139,106.36409178049323,93.04694717578904,0.12048478569298399,0.1224338365313004,0.0019490508383164101,0.9996984977041755,0.9997216572842773,2.3159580101794752e-05,1,0.0,0.157,0.1181,0.947368,0.011211,0.00596976,0.890251,0,0,0,0,0,0,SAFE
instrumental,instrument9.wav,Adaptive,5%,1,8139,106.35406759085419,93.03692298615002,0.12048478569298399,0.12240815394065835,0.0019233682476743619,0.9996984977041755,0.9997057120326704,7.214328494931088e-06,1,0.0,0.6279,1.1301,0.947368,0.00585,0.00336531,0.890745,0,0,0,0,0,0,SAFE
instrumental,instrument9.wav,Sequential,10%,1,16318,103.31807793092355,90.00093332621938,0.12048478569298399,0.1239321038975707,0.0034473182045867135,0.9996984977041755,0.9997780669674516,7.956926327612468e-05,1,0.0,0.1781,0.1206,1.0,0.008705,0.00442776,0.89031,0,0,0,0,0,0,SAFE
instrumental,instrument9.wav,Randomized,10%,1,16318,103.31615399887373,89.99900939416958,0.12048478569298399,0.1239978889728861,0.003513103279902119,0.9996984977041755,0.9997658756082941,6.73779041185929e-05,1,0.0,0.2887,0.2328,0.947368,0.019116,0.00899546,0.88944,0,1,1,0,2,2,DETECTED
instrumental,instrument9.wav,Adaptive,10%,1,16318,103.33276768367013,90.01562307896594,0.12048478569298399,0.123961198789994,0.0034764130970100088,0.9996984977041755,0.9997049098001897,6.412096014152269e-06,1,0.0,0.7153,1.199,0.947368,0.00898,0.00410101,0.891114,0,0,0,0,0,0,SAFE
instrumental,instrument9.wav,Sequential,25%,1,40856,99.32180286163121,86.00465825692706,0.12048478569298399,0.1273573421392433,0.006872556446259309,0.9996984977041755,0.9997632464404271,6.474873625161859e-05,1,0.0,0.3989,0.2919,0.947368,0.008901,0.00447588,0.89129,0,0,0,0,0,0,SAFE
instrumental,instrument9.wav,Randomized,25%,1,40856,99.35191635161635,86.03477174691218,0.12048478569298399,0.12746705671252503,0.0069822710195410476,0.9996984977041755,0.9998384848658929,0.0001399871617173698,1,0.0,0.7101,0.6416,0.947368,0.036134,0.01720344,0.888859,0,1,1,0,2,2,DETECTED
instrumental,instrument9.wav,Adaptive,25%,1,40856,99.34228917594734,86.02514457124317,0.12048478569298399,0.12746696856515083,0.006982182872166842,0.9996984977041755,0.9997297408402566,3.124313608104945e-05,1,0.0,0.942,1.3815,0.947368,0.008577,0.003796,0.890977,0,0,0,0,0,0,SAFE
instrumental,instrument9.wav,Sequential,50%,1,81752,96.33213532900824,83.01499072430406,0.12048478569298399,0.13116016509382014,0.010675379400836155,0.9996984977041755,0.9997385035438368,4.000583966123905e-05,1,0.0,0.7621,0.5852,1.0,0.006052,0.00262072,0.890613,0,0,0,0,0,0,SAFE
instrumental,instrument9.wav,Randomized,50%,1,81752,96.32530000525729,83.00815540055312,0.12048478569298399,0.13110686901673704,0.010622083323753057,0.9996984977041755,0.9999327687147322,0.00023427101055673027,1,0.0,1.5745,1.4099,1.0,0.056949,0.02784055,0.88725,0,1,1,0,2,2,DETECTED
instrumental,instrument9.wav,Adaptive,50%,1,81752,96.34384006032113,83.02669545561696,0.12048478569298399,0.13116338761522903,0.01067860192224504,0.9996984977041755,0.9997468327333543,4.8335029178780964e-05,1,0.0,1.3364,1.6956,0.947368,0.016004,0.00676913,0.891202,0,0,0,0,0,0,SAFE
short_voice,shortvoice1.wav,Control,0%,1,0,,,0.034038886389820985,0.034038886389820985,0.0,0.9996839314594999,0.9996839314594999,0.0,,,,,0.5,0.006682,0.00088826,0.884622,0,0,0,0,0,0,SAFE
short_voice,shortvoice1.wav,Sequential,1%,1,163,113.61756850962871,95.75236557326849,0.034038886389820985,0.034175095517465975,0.00013620912764499005,0.9996839314594999,0.9999030017063053,0.00021907024680545284,1,0.0,0.005,0.0023,0.5,0.002555,0.00568615,0.884622,0,0,0,0,0,0,SAFE
short_voice,shortvoice1.wav,Randomized,1%,1,163,113.44393959745986,95.57873666109964,0.034038886389820985,0.03427550752716459,0.00023662113734360807,0.9996839314594999,0.9996924068451596,8.475385659734158e-06,1,0.0,0.0054,0.0036,0.5,0.006682,0.00126941,0.884801,0,0,0,0,0,0,SAFE
short_voice,shortvoice1.wav,Adaptive,1%,1,163,113.5607971807118,95.69559424435158,0.034038886389820985,0.034278145328402905,0.00023925893858191966,0.9996839314594999,0.999671191593133,1.2739866366850983e-05,1,0.0,0.0783,0.1147,0.5,0.006191,0.00142195,0.884842,0,0,0,0,0,0,SAFE
short_voice,shortvoice1.wav,Sequential,5%,1,977,106.38560510831431,88.5204021719541,0.034038886389820985,0.03503849958073897,0.0009996131909179862,0.9996839314594999,0.9999419954698341,0.00025806401033423576,1,0.0,0.0224,0.0078,0.5,0.01022,0.00943059,0.883237,0,0,1,0,1,1,SUSPICIOUS
short_voice,shortvoice1.wav,Randomized,5%,1,977,106.38993075092195,88.52472781456174,0.034038886389820985,0.035235175881040234,0.001196289491219249,0.9996839314594999,0.9997364542576225,5.252279812262284e-05,1,0.0,0.0183,0.0167,0.5,0.006191,0.00045662,0.88524,0,0,0,0,0,0,SAFE
short_voice,shortvoice1.wav,Adaptive,5%,1,977,106.35974134064377,88.49453840428356,0.034038886389820985,0.03524156275681038,0.001202676366989397,0.9996839314594999,0.999719942502274,3.601104277417555e-05,1,0.0,0.0682,0.118,0.5,0.004029,0.00210896,0.884627,0,0,0,0,0,0,SAFE
short_voice,shortvoice1.wav,Sequential,10%,1,1995,103.36019924142212,85.4949963050619,0.034038886389820985,0.036054693055086684,0.0020158066652656986,0.9996839314594999,0.9999334373570168,0.00024950589751693286,1,0.0,0.03,0.0147,0.5,0.008304,0.00912073,0.884623,0,0,1,0,1,1,SUSPICIOUS
short_voice,shortvoice1.wav,Randomized,10%,1,1995,103.33121396262395,85.46601102626374,0.034038886389820985,0.036185345505945196,0.002146459116124211,0.9996839314594999,0.9997491702263603,6.523876686048702e-05,1,0.0,0.032,0.0276,0.5,0.00285,0.00071048,0.884968,0,0,0,0,0,0,SAFE
short_voice,shortvoice1.wav,Adaptive,10%,1,1995,103.38829502622123,85.52309208986102,0.034038886389820985,0.036143742903093724,0.002104856513272739,0.9996839314594999,0.999695691939475,1.1760479975198024e-05,1,0.0,0.0852,0.1251,0.5,0.005061,0.00098987,0.884523,0,0,0,0,0,0,SAFE
short_voice,shortvoice1.wav,Sequential,25%,1,5048,99.34946061395543,81.48425767759522,0.034038886389820985,0.038403753261857604,0.0043648668720366185,0.9996839314594999,0.9999592321969911,0.0002753007374912686,1,0.0,0.0559,0.0356,0.5,0.008599,0.01023192,0.883881,0,0,1,0,1,1,SUSPICIOUS
short_voice,shortvoice1.wav,Randomized,25%,1,5048,99.37541689497328,81.51021395861308,0.034038886389820985,0.03842269152057384,0.0043838051307528575,0.9996839314594999,0.9997845134385165,0.00010058197901663402,1,0.0,0.1024,0.0795,0.5,0.012775,0.00696981,0.885834,0,0,0,0,0,0,SAFE
short_voice,shortvoice1.wav,Adaptive,25%,1,5048,99.37154579405626,81.50634285769605,0.034038886389820985,0.038455092577524476,0.0044162061877034905,0.9996839314594999,0.9997146796803513,3.074822085147311e-05,1,0.0,0.1064,0.157,0.5,0.003292,0.00215989,0.883838,0,0,0,0,0,0,SAFE
short_voice,shortvoice1.wav,Sequential,50%,1,10136,96.35974134064377,78.49453840428356,0.034038886389820985,0.04104361884169842,0.007004732451877438,0.9996839314594999,0.9999522985986049,0.0002683671391050524,1,0.0,0.0941,0.0709,0.5,0.007665,0.00516078,0.881004,0,0,0,0,0,0,SAFE
short_voice,shortvoice1.wav,Randomized,50%,1,10136,96.3161233714476,78.4509204350874,0.034038886389820985,0.04104086101987889,0.007001974630057903,0.9996839314594999,0.999936133322948,0.00025220186344809825,1,0.0,0.1831,0.1492,0.5,0.008648,0.00884976,0.884768,0,0,1,0,1,1,SUSPICIOUS
short_voice,shortvoice1.wav,Adaptive,50%,1,10136,96.33285592473135,78.46765298837114,0.034038886389820985,0.04110265848701507,0.007063772097194082,0.9996839314594999,0.9998307376896092,0.0001468062301093198,1,0.0,0.1681,0.1849,0.5,0.01194,0.00487909,0.88921,0,0,0,0,0,0,SAFE
short_voice,shortvoice10.wav,Control,0%,1,0,,,0.13188584494432243,0.13188584494432243,0.0,0.999979684536731,0.999979684536731,0.0,,,,,0.5,0.003427,0.00145164,0.894329,0,0,0,0,0,0,SAFE
short_voice,shortvoice10.wav,Sequential,1%,1,289,113.45970426447064,93.49597191840665,0.13188584494432243,0.13195754886457758,7.170392025515615e-05,0.999979684536731,0.9999983909808033,1.870644407231392e-05,1,0.0,0.0197,0.0049,0.5,0.008794,0.00416164,0.894057,0,0,0,0,0,0,SAFE
short_voice,shortvoice10.wav,Randomized,1%,1,289,113.55946738364074,93.59573503757674,0.13188584494432243,0.13204059284949798,0.00015474790517555626,0.999979684536731,0.9999777846580223,1.8998787086887958e-06,1,0.0,0.0262,0.0071,0.5,0.005216,0.00216116,0.89388,0,0,0,0,0,0,SAFE
short_voice,shortvoice10.wav,Adaptive,1%,1,289,113.38886631246129,93.42513396639731,0.13188584494432243,0.13193691563143156,5.107068710913376e-05,0.999979684536731,0.9999768028764717,2.8816602593018104e-06,1,0.0,0.1113,0.1901,0.5,0.004003,0.00156687,0.894064,0,0,0,0,0,0,SAFE
short_voice,shortvoice10.wav,Sequential,5%,1,1608,106.34794307422885,86.38421072816486,0.13188584494432243,0.13238578953717783,0.0004999445928554058,0.999979684536731,0.9999982914768843,1.860694015332065e-05,1,0.0,0.0194,0.0139,0.5,0.019044,0.0089658,0.888405,0,1,1,0,2,2,DETECTED
short_voice,shortvoice10.wav,Randomized,5%,1,1608,106.3314412502142,86.36770890415022,0.13188584494432243,0.1324731487017753,0.0005873037574528617,0.999979684536731,0.9999821582240724,2.473687341408848e-06,1,0.0,0.0317,0.0283,0.5,0.011948,0.0049728,0.890979,0,0,0,0,0,0,SAFE
short_voice,shortvoice10.wav,Adaptive,5%,1,1608,106.3811360271488,86.4174036810848,0.13188584494432243,0.13235863816993726,0.0004727932256148315,0.999979684536731,0.9999739278045842,5.756732146866561e-06,1,0.0,0.1238,0.1967,0.5,0.007005,0.00373425,0.893244,0,0,0,0,0,0,SAFE
short_voice,shortvoice10.wav,Sequential,10%,1,3257,103.30142151630449,83.33768917024051,0.13188584494432243,0.1330790459259169,0.0011932009815944777,0.999979684536731,0.9999998963501613,2.0211813430259795e-05,1,0.0,0.0407,0.0242,0.5,0.032084,0.01644722,0.882199,0,1,1,0,2,2,DETECTED
short_voice,shortvoice10.wav,Randomized,10%,1,3257,103.30371754851183,83.33998520244783,0.13188584494432243,0.13308866500740435,0.001202820063081922,0.999979684536731,0.9999768648597374,2.8196769936705834e-06,1,0.0,0.0654,0.0476,0.5,0.027293,0.01199321,0.887405,0,1,1,0,2,2,DETECTED
short_voice,shortvoice10.wav,Adaptive,10%,1,3257,103.37083607050899,83.407103724445,0.13188584494432243,0.13303960418300553,0.0011537592386831053,0.999979684536731,0.9999741247001764,5.5598365545916906e-06,1,0.0,0.1313,0.2119,0.5,0.009249,0.00468742,0.891429,0,0,0,0,0,0,SAFE
short_voice,shortvoice10.wav,Sequential,25%,1,8204,99.3329219726755,79.36918962661152,0.13188584494432243,0.13494051044122155,0.003054665496899117,0.999979684536731,0.9999998745836944,2.0190046963408648e-05,1,0.0,0.0839,0.0565,0.5,0.055434,0.02755004,0.87525,0,1,1,0,2,2,DETECTED
short_voice,shortvoice10.wav,Randomized,25%,1,8204,99.33200159260718,79.36826924654319,0.13188584494432243,0.1349799942188791,0.0030941492745566734,0.999979684536731,0.9999793347774117,3.497593192847148e-07,1,0.0,0.155,0.1222,0.5,0.049794,0.02094639,0.87997,0,1,1,0,2,2,DETECTED
short_voice,shortvoice10.wav,Adaptive,25%,1,8204,99.37467502671909,79.41094268065511,0.13188584494432243,0.13506348854056172,0.003177643596239288,0.999979684536731,0.9999925816026627,1.2897065931660734e-05,1,0.0,0.1847,0.2558,0.5,0.021561,0.0109191,0.887293,0,1,1,0,2,2,DETECTED
short_voice,shortvoice10.wav,Sequential,50%,1,16448,96.34034444684156,76.37661210077756,0.13188584494432243,0.1378392270059114,0.005953382061588963,0.999979684536731,0.9999986417306593,1.8957193928303973e-05,1,0.0,0.1522,0.1147,0.75,0.057345,0.0272714,0.919898,0,1,1,0,2,2,DETECTED
short_voice,shortvoice10.wav,Randomized,50%,1,16448,96.31578955976339,76.3520572136994,0.13188584494432243,0.137831160604864,0.0059453156605415725,0.999979684536731,0.9999821582240724,2.473687341408848e-06,1,0.0,0.3147,0.2659,0.5,0.101286,0.0467592,0.863981,0,1,1,0,2,2,DETECTED
short_voice,shortvoice10.wav,Adaptive,50%,1,16448,96.31487062637423,76.35113828031024,0.13188584494432243,0.13798653672718472,0.006100691782862294,0.999979684536731,0.9999988848933141,1.920035658309338e-05,1,0.0,0.2542,0.3015,0.5,0.073963,0.03298314,0.91529,0,1,1,0,2,2,DETECTED
short_voice,shortvoice11.wav,Control,0%,1,0,,,0.13187406763463969,0.13187406763463969,0.0,0.9999901821039314,0.9999901821039314,0.0,,,,,0.666667,0.004929,-0.00694774,0.923864,0,0,0,0,0,0,SAFE
short_voice,shortvoice11.wav,Sequential,1%,1,282,113.56926571407898,94.52100045327911,0.13187406763463969,0.13188504219715838,1.0974562518695219e-05,0.9999901821039314,0.9999993760265736,9.193922642203312e-06,1,0.0,0.0173,0.0053,1.0,0.001116,-0.00467641,0.92787,0,0,0,0,0,0,SAFE
short_voice,shortvoice11.wav,Randomized,1%,1,282,113.50555388951958,94.45728862871972,0.13187406763463969,0.13187255286030516,1.514774334521185e-06,0.9999901821039314,0.999988729452261,1.4526516703972092e-06,1,0.0,0.0123,0.0066,0.666667,0.000806,-0.00601114,0.924681,0,0,0,0,0,0,SAFE
short_voice,shortvoice11.wav,Adaptive,1%,1,282,113.60506925419642,94.55680399339656,0.13187406763463969,0.13188773863736486,1.3671002725174075e-05,0.9999901821039314,0.999988729452261,1.4526516703972092e-06,1,0.0,0.1094,0.1862,0.666667,0.005084,-0.00672448,0.923894,0,0,0,0,0,0,SAFE
short_voice,shortvoice11.wav,Sequential,5%,1,1572,106.33283558528439,87.28457032448453,0.13187406763463969,0.1319177955668238,4.372793218410109e-05,0.9999901821039314,0.9999990250414421,8.842937510689097e-06,1,0.0,0.0306,0.014,1.0,0.002542,-0.00351981,0.929699,0,0,0,0,0,0,SAFE
short_voice,shortvoice11.wav,Randomized,5%,1,1572,106.34362886780532,87.29536360700547,0.13187406763463969,0.1318993628936552,2.5295259015511995e-05,0.9999901821039314,0.999991380657821,1.1985538895809e-06,1,0.0,0.0401,0.0224,0.666667,0.005828,-0.00331239,0.926041,0,0,0,0,0,0,SAFE
short_voice,shortvoice11.wav,Adaptive,5%,1,1572,106.35512619787515,87.3068609370753,0.13187406763463969,0.13188138443056932,7.316795929634967e-06,0.9999901821039314,0.9999914962233399,1.3141194085131147e-06,1,0.0,0.1224,0.1944,0.666667,0.002604,-0.00565841,0.923741,0,0,0,0,0,0,SAFE
short_voice,shortvoice11.wav,Sequential,10%,1,3185,103.3174854964979,84.26922023569804,0.13187406763463969,0.13198170844428703,0.00010764080964734135,0.9999901821039314,0.9999986729729661,8.490869034649684e-06,1,0.0,0.0331,0.0241,1.0,0.014478,0.00163778,0.930997,0,0,0,0,0,0,SAFE
short_voice,shortvoice11.wav,Randomized,10%,1,3185,103.35635408966576,84.30808882886592,0.13187406763463969,0.13193264601146343,5.857837682374245e-05,0.9999901821039314,0.9999893397359415,8.423679899172143e-07,1,0.0,0.0671,0.0568,0.666667,0.011564,-0.00086043,0.926133,0,0,0,0,0,0,SAFE
short_voice,shortvoice11.wav,Adaptive,10%,1,3185,103.35024729960068,84.30198203880083,0.13187406763463969,0.13189910861278847,2.504097814878814e-05,0.9999901821039314,0.9999890802657355,1.101838195904925e-06,1,0.0,0.1334,0.2113,0.666667,0.000155,-0.00255981,0.926194,0,0,0,0,0,0,SAFE
short_voice,shortvoice11.wav,Sequential,25%,1,8024,99.36177076174297,80.31350550094311,0.13187406763463969,0.13214392258196797,0.0002698549473282852,0.9999901821039314,0.9999995666851397,9.384581208249365e-06,1,0.0,0.087,0.0549,1.0,0.018353,0.00435817,0.934094,0,1,0,0,1,1,SUSPICIOUS
short_voice,shortvoice11.wav,Randomized,25%,1,8024,99.38633445743865,80.3380691966388,0.13187406763463969,0.132262834394898,0.00038876676025831336,0.9999901821039314,0.9999922467274219,2.0646234905052907e-06,1,0.0,0.155,0.1259,0.666667,0.037915,0.01177559,0.930885,0,1,1,0,2,2,DETECTED
short_voice,shortvoice11.wav,Adaptive,25%,1,8024,99.32766704228247,80.27940178148262,0.13187406763463969,0.1322123978364228,0.0003383302017831158,0.9999901821039314,0.9999855736450435,4.6084588879447e-06,1,0.0,0.1652,0.2442,0.666667,0.012525,0.00362204,0.925908,0,0,0,0,0,0,SAFE
short_voice,shortvoice11.wav,Sequential,50%,1,16088,96.32529621610635,77.2770309553065,0.13187406763463969,0.13283868897348494,0.0009646213388452562,0.9999901821039314,0.9999996171229938,9.43501906236488e-06,1,0.0,0.1818,0.1097,1.0,0.058346,0.02328688,0.935739,0,1,1,0,2,2,DETECTED
short_voice,shortvoice11.wav,Randomized,50%,1,16088,96.31944876067637,77.27118349987651,0.13187406763463969,0.13292611907428395,0.0010520514396442637,0.9999901821039314,0.9999972263934106,7.044289479174459e-06,1,0.0,0.284,0.2447,1.0,0.084356,0.03499018,0.936802,0,1,1,0,2,2,DETECTED
short_voice,shortvoice11.wav,Adaptive,50%,1,16088,96.32045638111174,77.2721911203119,0.13187406763463969,0.13274814842612045,0.0008740807914807691,0.9999901821039314,0.9999837703926602,6.411711271248066e-06,1,0.0,0.2417,0.2936,0.666667,0.03528,0.01638314,0.93344,0,1,1,0,2,2,DETECTED
short_voice,shortvoice2.wav,Control,0%,1,0,,,0.1545018195079178,0.1545018195079178,0.0,0.9999830864676834,0.9999830864676834,0.0,,,,,1.0,0.019085,0.00389712,0.879741,0,1,0,0,1,1,SUSPICIOUS
short_voice,shortvoice2.wav,Sequential,1%,1,65,113.49018771229566,94.32905860338279,0.1545018195079178,0.1548480422663098,0.00034622275839199523,0.9999830864676834,0.9999986461173548,1.555964967137058e-05,1,0.0,0.0135,0.0016,1.0,0.027211,0.00721644,0.876718,0,1,0,0,1,1,SUSPICIOUS
short_voice,shortvoice2.wav,Randomized,1%,1,65,113.81121380617562,94.65008469726274,0.1545018195079178,0.1548642803739457,0.0003624608660278972,0.9999830864676834,0.9999788943865008,4.192081182630147e-06,1,0.0,0.0048,0.0025,1.0,0.019274,0.00343849,0.879344,0,1,0,0,1,1,SUSPICIOUS
short_voice,shortvoice2.wav,Adaptive,1%,1,65,113.44771358578717,94.28658447687431,0.1545018195079178,0.1548387883110838,0.000336968803165999,0.9999830864676834,0.9999812226507178,1.8638169656526316e-06,1,0.0,0.0293,0.0529,1.0,0.020975,0.00428366,0.878957,0,1,0,0,1,1,SUSPICIOUS
short_voice,shortvoice2.wav,Sequential,5%,1,489,106.43062646032882,87.26949735141595,0.1545018195079178,0.15621188117305743,0.0017100616651396228,0.9999830864676834,0.9999969537628572,1.3867295173830563e-05,1,0.0,0.0086,0.0042,1.0,0.022865,0.00658482,0.876791,0,1,0,0,1,1,SUSPICIOUS
short_voice,shortvoice2.wav,Randomized,5%,1,489,106.45801354242698,87.29688443351412,0.1545018195079178,0.15608189125532612,0.0015800717474083181,0.9999830864676834,0.9999896969478648,6.610480181357126e-06,1,0.0,0.0108,0.0076,1.0,0.020975,0.00288386,0.879461,0,1,0,0,1,1,SUSPICIOUS
short_voice,shortvoice2.wav,Adaptive,5%,1,489,106.41176683919687,87.25063773028401,0.1545018195079178,0.15607322515181257,0.0015714056438947688,0.9999830864676834,0.9999829210544958,1.6541318759166757e-07,1,0.0,0.0346,0.0546,1.0,0.022203,0.00525129,0.881369,0,1,0,0,1,1,SUSPICIOUS
short_voice,shortvoice2.wav,Sequential,10%,1,1018,103.4827246900263,84.32159558111343,0.1545018195079178,0.15728294040925564,0.0027811209013378357,0.9999830864676834,0.9999953056779542,1.2219210270836278e-05,1,0.0,0.0155,0.0081,1.0,0.024282,0.00758119,0.87798,0,1,0,0,1,1,SUSPICIOUS
short_voice,shortvoice2.wav,Randomized,10%,1,1018,103.32478201819399,84.16365290928111,0.1545018195079178,0.15742550807080258,0.002923688562884774,0.9999830864676834,0.9999960554661865,1.2968998503115614e-05,1,0.0,0.0182,0.0137,1.0,0.015684,0.00454957,0.884661,0,0,0,0,0,0,SAFE
short_voice,shortvoice2.wav,Adaptive,10%,1,1018,103.37125315874157,84.21012404982869,0.1545018195079178,0.15746907513176656,0.0029672556238487524,0.9999830864676834,0.9999764300861399,6.656381543512779e-06,1,0.0,0.0386,0.0578,1.0,0.010676,0.00187263,0.881469,0,0,0,0,0,0,SAFE
short_voice,shortvoice2.wav,Sequential,25%,1,2606,99.38625020863502,80.22512109972213,0.1545018195079178,0.16031856905719735,0.0058167495492795485,0.9999830864676834,0.9999801649711041,2.9214965793222802e-06,1,0.0,0.0547,0.0183,1.0,0.026077,0.00977523,0.879219,0,1,1,0,2,2,DETECTED
short_voice,shortvoice2.wav,Randomized,25%,1,2606,99.41120733977512,80.25007823086224,0.1545018195079178,0.16029870130843474,0.005796881800516934,0.9999830864676834,0.9999593010483858,2.3785419297595034e-05,1,0.0,0.0483,0.0366,1.0,0.017196,0.00653627,0.876881,0,1,0,0,1,1,SUSPICIOUS
short_voice,shortvoice2.wav,Adaptive,25%,1,2606,99.37589358423202,80.21476447531913,0.1545018195079178,0.16072390112252063,0.006222081614602831,0.9999830864676834,0.999972161925764,1.0924541919421493e-05,1,0.0,0.0655,0.0676,1.0,0.005197,0.00442868,0.88634,0,0,0,0,0,0,SAFE
short_voice,shortvoice2.wav,Sequential,50%,1,5252,96.34042663235951,77.17929752344664,0.1545018195079178,0.16349085964395718,0.008989040136039378,0.9999830864676834,0.9999717369203664,1.134954731696336e-05,1,0.0,0.0576,0.0357,1.0,0.016818,0.00943331,0.893987,0,1,1,0,2,2,DETECTED
short_voice,shortvoice2.wav,Randomized,50%,1,5252,96.35856520377028,77.19743609485741,0.1545018195079178,0.16355403308242047,0.009052213574502671,0.9999830864676834,0.9999908234441177,7.736976434302711e-06,1,0.0,0.1055,0.0719,1.0,0.015023,0.00336611,0.88564,0,0,0,0,0,0,SAFE
short_voice,shortvoice2.wav,Adaptive,50%,1,5252,96.3068237590055,77.14569465009264,0.1545018195079178,0.16351859590646153,0.00901677639854373,0.9999830864676834,0.9999985024383204,1.5415970637033816e-05,1,0.0,0.0823,0.0889,1.0,0.02466,0.00875016,0.882516,0,1,1,0,2,2,DETECTED
short_voice,shortvoice3.wav,Control,0%,1,0,,,0.07898876012464351,0.07898876012464351,0.0,0.999954950298231,0.999954950298231,0.0,,,,,0.333333,0.013434,0.00934979,0.818593,0,0,1,0,1,1,SUSPICIOUS
short_voice,shortvoice3.wav,Sequential,1%,1,223,113.68901573792627,95.0143063262627,0.07898876012464351,0.07913468214264797,0.0001459220180044657,0.999954950298231,0.9999946523653696,3.970206713854729e-05,1,0.0,0.0187,0.003,0.333333,0.019619,0.01288026,0.817537,0,1,1,0,2,2,DETECTED
short_voice,shortvoice3.wav,Randomized,1%,1,223,113.56953850355296,94.89482909188938,0.07898876012464351,0.0792329274445559,0.0002441673199123917,0.999954950298231,0.9999537526416481,1.1976565829074914e-06,1,0.0,0.0091,0.0051,0.333333,0.013737,0.00981992,0.817832,0,0,1,0,1,1,SUSPICIOUS
short_voice,shortvoice3.wav,Adaptive,1%,1,223,113.67110666174747,94.9963972500839,0.07898876012464351,0.07928289004467112,0.00029412992002761373,0.999954950298231,0.9999562389128677,1.2886146366630769e-06,1,0.0,0.0884,0.1453,0.333333,0.013358,0.00910942,0.818489,0,0,1,0,1,1,SUSPICIOUS
short_voice,shortvoice3.wav,Sequential,5%,1,1277,106.45167810028373,87.77696868862016,0.07898876012464351,0.08010994742161033,0.0011211872969668218,0.999954950298231,0.9999935580232808,3.8607725049821795e-05,1,0.0,0.0278,0.0116,0.333333,0.020871,0.01498532,0.817715,0,1,1,0,2,2,DETECTED
short_voice,shortvoice3.wav,Randomized,5%,1,1277,106.41454426113994,87.73983484947637,0.07898876012464351,0.0801578107647655,0.001169050640121988,0.999954950298231,0.9999599925634641,5.042265233123899e-06,1,0.0,0.0357,0.0183,0.333333,0.022124,0.01279227,0.814865,0,1,1,0,2,2,DETECTED
short_voice,shortvoice3.wav,Adaptive,5%,1,1277,106.31649772305329,87.64178831138972,0.07898876012464351,0.08024502301527753,0.001256262890634019,0.999954950298231,0.9999555969429149,6.466446839104023e-07,1,0.0,0.0884,0.153,0.333333,0.014838,0.00955748,0.818201,0,0,1,0,1,1,SUSPICIOUS
short_voice,shortvoice3.wav,Sequential,10%,1,2595,103.31606809979624,84.64135868813267,0.07898876012464351,0.08108928866294178,0.0021005285382982714,0.999954950298231,0.9999879398378363,3.2989539605288165e-05,1,0.0,0.039,0.0188,0.333333,0.022731,0.01658886,0.817703,0,1,1,0,2,2,DETECTED
short_voice,shortvoice3.wav,Randomized,10%,1,2595,103.33256866986989,84.65785925820632,0.07898876012464351,0.08103965743702636,0.0020508973123828517,0.999954950298231,0.9999529823157512,1.9679824797558254e-06,1,0.0,0.0646,0.0364,0.333333,0.023072,0.01614603,0.81174,0,1,1,0,2,2,DETECTED
short_voice,shortvoice3.wav,Adaptive,10%,1,2595,103.3553598070517,84.68065039538813,0.07898876012464351,0.08114393659673645,0.002155176472092943,0.999954950298231,0.9999481107203851,6.839577845862976e-06,1,0.0,0.1069,0.1637,0.333333,0.015331,0.00929515,0.816788,0,0,1,0,1,1,SUSPICIOUS
short_voice,shortvoice3.wav,Sequential,25%,1,6548,99.34986344994658,80.67515403828301,0.07898876012464351,0.08311597149605292,0.004127211371409409,0.999954950298231,0.9999984402286108,4.3489930379836395e-05,1,0.0,0.0704,0.048,0.666667,0.05548,0.02811672,0.843036,0,1,1,0,2,2,DETECTED
short_voice,shortvoice3.wav,Randomized,25%,1,6548,99.36774112576585,80.69303171410228,0.07898876012464351,0.08312799728566556,0.004139237161022047,0.999954950298231,0.9999653074971943,1.0357198963251157e-05,1,0.0,0.1125,0.1034,0.333333,0.046486,0.02887502,0.797297,0,1,1,0,2,2,DETECTED
short_voice,shortvoice3.wav,Adaptive,25%,1,6548,99.33370455692605,80.6589951452625,0.07898876012464351,0.08315838929686943,0.004169629172225922,0.999954950298231,0.9999507463239842,4.203974246830278e-06,1,0.0,0.1328,0.1908,0.333333,0.010284,0.01122181,0.813287,0,0,1,0,1,1,SUSPICIOUS
short_voice,shortvoice3.wav,Sequential,50%,1,13136,96.32875675645649,77.65404734479291,0.07898876012464351,0.08540994018439724,0.006421180059753728,0.999954950298231,0.9999924063535857,3.745605535465657e-05,1,0.0,0.1255,0.088,0.333333,0.062614,0.03673386,0.782318,0,1,1,0,2,2,DETECTED
short_voice,shortvoice3.wav,Randomized,50%,1,13136,96.35462220558904,77.67991279392548,0.07898876012464351,0.08541670876550124,0.006427948640857731,0.999954950298231,0.9999851039912573,3.0153693026280237e-05,1,0.0,0.2283,0.1965,0.333333,0.083106,0.04440214,0.778226,0,1,1,0,2,2,DETECTED
short_voice,shortvoice3.wav,Adaptive,50%,1,13136,96.33502303829934,77.66031362663577,0.07898876012464351,0.08540294594944876,0.006414185824805255,0.999954950298231,0.9999636751158658,8.724817634808701e-06,1,0.0,0.1891,0.2344,0.333333,0.042919,0.02269199,0.839019,0,1,1,0,2,2,DETECTED
short_voice,shortvoice4.wav,Control,0%,1,0,,,0.1298852554800751,0.1298852554800751,0.0,0.9999720316801866,0.9999720316801866,0.0,,,,,1.0,0.001862,-0.00242722,0.868729,0,0,0,0,0,0,SAFE
short_voice,shortvoice4.wav,Sequential,1%,1,88,113.74831996120392,97.72423512946995,0.1298852554800751,0.13000142037527007,0.00011616489519497564,0.9999720316801866,0.9999949796750763,2.2947994889777057e-05,1,0.0,0.019,0.0017,1.0,0.006207,0.00104103,0.865176,0,0,0,0,0,0,SAFE
short_voice,shortvoice4.wav,Randomized,1%,1,88,113.62907639310916,97.6049915613752,0.1298852554800751,0.13011028896979845,0.00022503348972335857,0.9999720316801866,0.9999665596284406,5.472051745947226e-06,1,0.0,0.0046,0.0026,1.0,0.001241,-0.0011955,0.869586,0,0,0,0,0,0,SAFE
short_voice,shortvoice4.wav,Adaptive,1%,1,88,113.66541923966011,97.64133440792614,0.1298852554800751,0.13006473194132667,0.00017947646125157646,0.9999720316801866,0.9999716820772944,3.496028921912142e-07,1,0.0,0.0421,0.0607,1.0,0.00194,-0.00201698,0.868538,0,0,0,0,0,0,SAFE
short_voice,shortvoice4.wav,Sequential,5%,1,604,106.62672786411474,90.60264303238078,0.1298852554800751,0.1308956314345494,0.001010375954474313,0.9999720316801866,0.9999970642404723,2.5032560285742633e-05,1,0.0,0.0107,0.0051,1.0,0.013656,0.00340605,0.863411,0,0,0,0,0,0,SAFE
short_voice,shortvoice4.wav,Randomized,5%,1,604,106.40170913017148,90.37762429843752,0.1298852554800751,0.13097432349460092,0.0010890680145258236,0.9999720316801866,0.9999807948056606,8.763125474042788e-06,1,0.0,0.0116,0.0087,1.0,0.001164,-0.00291516,0.868252,0,0,0,0,0,0,SAFE
short_voice,shortvoice4.wav,Adaptive,5%,1,604,106.46730334335156,90.4432185116176,0.1298852554800751,0.13097421420723385,0.0010889587271587509,0.9999720316801866,0.9999697204457327,2.3112344538223084e-06,1,0.0,0.0392,0.0653,1.0,0.003026,-0.00164553,0.869773,0,0,0,0,0,0,SAFE
short_voice,shortvoice4.wav,Sequential,10%,1,1248,103.38114215972153,87.35705732798758,0.1298852554800751,0.13178252608592672,0.0018972706058516253,0.9999720316801866,0.9999992940175114,2.7262337324862607e-05,1,0.0,0.0361,0.0106,1.0,0.009621,0.0031493,0.862706,0,0,0,0,0,0,SAFE
short_voice,shortvoice4.wav,Randomized,10%,1,1248,103.34539755613855,87.32131272440458,0.1298852554800751,0.13196551319727123,0.002080257717196138,0.9999720316801866,0.9999757339930637,3.7023128771629388e-06,1,0.0,0.0221,0.016,1.0,0.000388,-0.00170419,0.866646,0,0,0,0,0,0,SAFE
short_voice,shortvoice4.wav,Adaptive,10%,1,1248,103.36323308354272,87.33914825180877,0.1298852554800751,0.13191367373358553,0.002028418253510439,0.9999720316801866,0.9999742511686592,2.2194884726767228e-06,1,0.0,0.0439,0.0695,1.0,0.012725,-0.00398696,0.868385,0,0,0,0,0,0,SAFE
short_voice,shortvoice4.wav,Sequential,25%,1,3182,99.37753973556077,83.3534549038268,0.1298852554800751,0.13382819235455784,0.003942936874482744,0.9999720316801866,0.9999992940175114,2.7262337324862607e-05,1,0.0,0.0463,0.022,1.0,0.001552,0.000157,0.863978,0,0,0,0,0,0,SAFE
short_voice,shortvoice4.wav,Randomized,25%,1,3182,99.36023781947904,83.3361529877451,0.1298852554800751,0.13416542718592825,0.004280171705853153,0.9999720316801866,0.9999992660604914,2.7234380304830275e-05,1,0.0,0.0768,0.0486,1.0,0.005121,-0.00019618,0.867938,0,0,0,0,0,0,SAFE
short_voice,shortvoice4.wav,Adaptive,25%,1,3182,99.33525501453173,83.31117018279777,0.1298852554800751,0.1340305573943118,0.004145301914236704,0.9999720316801866,0.9999980848082154,2.6053128028835637e-05,1,0.0,0.0761,0.0817,1.0,0.015363,-0.0041232,0.867827,0,0,0,0,0,0,SAFE
short_voice,shortvoice4.wav,Sequential,50%,1,6404,96.35332496706569,80.32924013533174,0.1298852554800751,0.13662171623263208,0.006736460752556989,0.9999720316801866,0.9999960260294422,2.399434925559607e-05,1,0.0,0.074,0.0434,1.0,0.021958,0.00868833,0.865443,0,1,1,0,2,2,DETECTED
short_voice,shortvoice4.wav,Randomized,50%,1,6404,96.32613344477177,80.30204861303781,0.1298852554800751,0.13666143928703425,0.006776183806959157,0.9999720316801866,0.9999999609144703,2.7929234283741167e-05,1,0.0,0.1125,0.0836,1.0,0.007216,0.00241927,0.86613,0,0,0,0,0,0,SAFE
short_voice,shortvoice4.wav,Adaptive,50%,1,6404,96.38136983274036,80.3572850010064,0.1298852554800751,0.1362474498645695,0.006362194384494396,0.9999720316801866,0.9999999120575573,2.7880377370781417e-05,1,0.0,0.0871,0.1044,1.0,0.00675,0.00378153,0.870667,0,0,0,0,0,0,SAFE
short_voice,shortvoice5.wav,Control,0%,1,0,,,0.06069255134185926,0.06069255134185926,0.0,0.9953139576452058,0.9953139576452058,0.0,,,,,0.0,0.000556,0.01238369,0.52266,0,0,1,0,1,1,SUSPICIOUS
short_voice,shortvoice5.wav,Sequential,1%,1,10,110.71964558722884,93.62096724561226,0.06069255134185926,0.06089989916007452,0.00020734781821525605,0.9953139576452058,0.997192924664175,0.0018789670189691687,1,0.0,0.0167,0.0014,0.0,0.016667,0.02138587,0.52266,0,1,1,0,2,2,DETECTED
short_voice,shortvoice5.wav,Randomized,1%,1,10,110.65384213411562,93.55516379249906,0.06069255134185926,0.06113395985905207,0.0004414085171928067,0.9953139576452058,0.9950349120999296,0.00027904554527624637,1,0.0,0.0041,0.0015,0.0,0.000556,0.01442355,0.524967,0,0,1,0,1,1,SUSPICIOUS
short_voice,shortvoice5.wav,Adaptive,1%,1,10,110.04544423561049,92.94676589399393,0.06069255134185926,0.061240566527927975,0.0005480151860687149,0.9953139576452058,0.9949680775000949,0.0003458801451109439,1,0.0,0.0064,0.0086,0.0,0.005,0.01301051,0.523494,0,0,1,0,1,1,SUSPICIOUS
short_voice,shortvoice5.wav,Sequential,5%,1,50,106.5648147538615,89.46613641224494,0.06069255134185926,0.06117067455026628,0.0004781232084070178,0.9953139576452058,0.9992050219524371,0.0038910643072312956,1,0.0,0.0029,0.0008,0.0,0.048889,0.03886481,0.52266,0,1,1,0,2,2,DETECTED
short_voice,shortvoice5.wav,Randomized,5%,1,50,106.73362010666969,89.63494176505313,0.06069255134185926,0.06152333652879284,0.0008307851869335803,0.9953139576452058,0.9957250757662109,0.00041111812100513845,1,0.0,0.0041,0.0018,0.0,0.012222,0.01773522,0.522054,0,0,1,0,1,1,SUSPICIOUS
short_voice,shortvoice5.wav,Adaptive,5%,1,50,106.41461148990825,89.31593314829169,0.06069255134185926,0.061533718188044914,0.0008411668461856536,0.9953139576452058,0.9953301199546931,1.61623094873109e-05,1,0.0,0.0069,0.0087,0.0,0.006111,0.01066372,0.527111,0,0,1,0,1,1,SUSPICIOUS
short_voice,shortvoice5.wav,Sequential,10%,1,140,103.88518776096262,86.78650941934606,0.06069255134185926,0.06156562079774052,0.0008730694558812604,0.9953139576452058,0.999877044603199,0.004563086957993234,1,0.0,0.0042,0.0016,0.0,0.066667,0.05403719,0.522141,0,1,1,0,2,2,DETECTED
short_voice,shortvoice5.wav,Randomized,10%,1,140,103.74322673103575,86.64454838941919,0.06069255134185926,0.06204246082523499,0.0013499094833757316,0.9953139576452058,0.9957405099936987,0.00042655234849287016,1,0.0,0.0048,0.0026,0.0,0.008889,0.01710285,0.506502,0,0,1,0,1,1,SUSPICIOUS
short_voice,shortvoice5.wav,Adaptive,10%,1,140,103.73658106054381,86.63790271892724,0.06069255134185926,0.06205167528341855,0.0013591239415592926,0.9953139576452058,0.9954743203245106,0.00016036267930474857,1,0.0,0.0084,0.0095,0.0,0.039444,0.01963681,0.526002,0,1,1,0,2,2,DETECTED
short_voice,shortvoice5.wav,Sequential,25%,1,410,99.54971729999859,82.45103895838201,0.06069255134185926,0.06334269498117735,0.002650143639318092,0.9953139576452058,0.9999609127414254,0.004646955096219596,1,0.0,0.0067,0.0036,0.0,0.093333,0.06101059,0.516473,0,1,1,0,2,2,DETECTED
short_voice,shortvoice5.wav,Randomized,25%,1,410,99.4943603593155,82.39568201769892,0.06069255134185926,0.06327895383463375,0.0025864024927744894,0.9953139576452058,0.9966700966072223,0.0013561389620164732,1,0.0,0.0094,0.0057,0.0,0.051111,0.04249489,0.52472,0,1,1,0,2,2,DETECTED
short_voice,shortvoice5.wav,Adaptive,25%,1,410,99.30598571654572,82.20730737492914,0.06069255134185926,0.06374536990258578,0.0030528185607265196,0.9953139576452058,0.9956630588951154,0.00034910124990961133,1,0.0,0.0096,0.0111,0.0,0.014444,0.01868518,0.520122,0,0,1,0,1,1,SUSPICIOUS
short_voice,shortvoice5.wav,Sequential,50%,1,860,96.44423942620872,79.34556108459215,0.06069255134185926,0.06500963050470829,0.004317079162849027,0.9953139576452058,0.9999652125135791,0.004651254868373256,1,0.0,0.0101,0.0064,1.0,0.037222,0.04614902,0.877646,0,1,1,0,2,2,DETECTED
short_voice,shortvoice5.wav,Randomized,50%,1,860,96.45912953731735,79.36045119570079,0.06069255134185926,0.06537136394101847,0.004678812599159213,0.9953139576452058,0.9983908411913957,0.003076883546189846,1,0.0,0.0149,0.0129,0.0,0.033889,0.04681601,0.53377,0,1,1,0,2,2,DETECTED
short_voice,shortvoice5.wav,Adaptive,50%,1,860,96.49908790839272,79.40040956677616,0.06069255134185926,0.06546282045213751,0.004770269110278252,0.9953139576452058,0.9963492164696478,0.001035258824441998,1,0.0,0.0151,0.0138,0.0,0.041111,0.02298085,0.521445,0,1,1,0,2,2,DETECTED
short_voice,shortvoice6.wav,Control,0%,1,0,,,0.1435469568644724,0.1435469568644724,0.0,0.9999420471992513,0.9999420471992513,0.0,,,,,1.0,0.017011,-0.00211375,0.862986,0,1,0,0,1,1,SUSPICIOUS
short_voice,shortvoice6.wav,Sequential,1%,1,52,113.74255655134522,94.77914864591249,0.1435469568644724,0.1437298764860006,0.00018291962152819363,0.9999420471992513,0.9999934443335255,5.1397134274266953e-05,1,0.0,0.0035,0.0014,1.0,0.008075,0.00215025,0.861606,0,0,0,0,0,0,SAFE
short_voice,shortvoice6.wav,Randomized,1%,1,52,113.78139089194295,94.81798298651023,0.1435469568644724,0.14388046375493996,0.0003335068904675442,0.9999420471992513,0.9999447983056202,2.7511063689367177e-06,1,0.0,0.0043,0.002,1.0,0.016365,-0.00164784,0.862629,0,0,0,0,0,0,SAFE
short_voice,shortvoice6.wav,Adaptive,1%,1,52,113.76840748969013,94.80499958425742,0.1435469568644724,0.14381658941899747,0.00026963255452505663,0.9999420471992513,0.9999337651145682,8.282084683064461e-06,1,0.0,0.0261,0.0421,1.0,0.016688,-0.001593,0.863639,0,1,0,0,1,1,SUSPICIOUS
short_voice,shortvoice6.wav,Sequential,5%,1,424,106.52198128200558,87.55857337657287,0.1435469568644724,0.14509903146522737,0.0015520746007549602,0.9999420471992513,0.999996485947832,5.4438748580687424e-05,1,0.0,0.0218,0.0044,1.0,0.008398,0.00320112,0.859366,0,0,0,0,0,0,SAFE
short_voice,shortvoice6.wav,Randomized,5%,1,424,106.34010136686962,87.3766934614369,0.1435469568644724,0.1450121560500118,0.0014651991855393898,0.9999420471992513,0.9999548269576398,1.2779758388536955e-05,1,0.0,0.0096,0.0064,1.0,0.008183,0.00101885,0.86493,0,0,0,0,0,0,SAFE
short_voice,shortvoice6.wav,Adaptive,5%,1,424,106.39671850529443,87.4333105998617,0.1435469568644724,0.14497973526719152,0.0014327784027191037,0.9999420471992513,0.9999584393305765,1.6392131325204673e-05,1,0.0,0.027,0.0451,1.0,0.016258,-0.00079713,0.862504,0,0,0,0,0,0,SAFE
short_voice,shortvoice6.wav,Sequential,10%,1,888,103.48488045881979,84.52147255338707,0.1435469568644724,0.14614201715170566,0.0025950602872332473,0.9999420471992513,0.9999998489648592,5.780176560787886e-05,1,0.0,0.0129,0.0071,1.0,0.001938,0.00436515,0.861577,0,0,0,0,0,0,SAFE
short_voice,shortvoice6.wav,Randomized,10%,1,888,103.39592691549385,84.43251901006113,0.1435469568644724,0.1462944826776436,0.0027475258131711977,0.9999420471992513,0.9999454756291442,3.4284298928710655e-06,1,0.0,0.0182,0.0125,1.0,0.011843,0.0001926,0.864024,0,0,0,0,0,0,SAFE
short_voice,shortvoice6.wav,Adaptive,10%,1,888,103.41142254951147,84.44801464407875,0.1435469568644724,0.14621316616422061,0.002666209299748201,0.9999420471992513,0.999945137490035,3.0902907837138116e-06,1,0.0,0.0326,0.0487,1.0,0.016688,0.00104642,0.864163,0,1,0,0,1,1,SUSPICIOUS
short_voice,shortvoice6.wav,Sequential,25%,1,2282,99.37201741029818,80.40860950486547,0.1435469568644724,0.14908555116688518,0.005538594302412769,0.9999420471992513,0.9999949808196373,5.293362038605309e-05,1,0.0,0.025,0.0162,1.0,0.014535,0.00383824,0.857521,0,0,0,0,0,0,SAFE
short_voice,shortvoice6.wav,Randomized,25%,1,2282,99.32190144887386,80.35849354344114,0.1435469568644724,0.1488816926403616,0.005334735775889193,0.9999420471992513,0.9999167979000851,2.524929916614127e-05,1,0.0,0.0375,0.0297,1.0,0.008183,-0.00046743,0.860706,0,0,0,0,0,0,SAFE
short_voice,shortvoice6.wav,Adaptive,25%,1,2282,99.35368379559068,80.39027589015795,0.1435469568644724,0.14912019794703035,0.005573241082557939,0.9999420471992513,0.9999824981449447,4.0450945693382145e-05,1,0.0,0.0439,0.0569,1.0,0.006675,0.00011005,0.864968,0,0,0,0,0,0,SAFE
short_voice,shortvoice6.wav,Sequential,50%,1,4604,96.35113092492787,77.38772301949516,0.1435469568644724,0.15212362027662774,0.008576663412155322,0.9999420471992513,0.9999997909548194,5.774375556810707e-05,1,0.0,0.056,0.0326,1.0,0.018842,0.00650616,0.859806,0,1,0,0,1,1,SUSPICIOUS
short_voice,shortvoice6.wav,Randomized,50%,1,4604,96.38533587612294,77.42192797069022,0.1435469568644724,0.15211384421467625,0.008566887350203833,0.9999420471992513,0.9999117179011654,3.0329298085884915e-05,1,0.0,0.0866,0.0614,1.0,0.018411,0.01278619,0.859846,0,1,1,0,2,2,DETECTED
short_voice,shortvoice6.wav,Adaptive,50%,1,4604,96.34925157408163,77.3858436686489,0.1435469568644724,0.15191948140301423,0.008372524538541815,0.9999420471992513,0.9999607639562679,1.8716757016590257e-05,1,0.0,0.0938,0.0776,1.0,0.006998,0.00375509,0.869362,0,0,0,0,0,0,SAFE
short_voice,shortvoice7.wav,Control,0%,1,0,,,0.0518571252790623,0.0518571252790623,0.0,0.9992890636359881,0.9992890636359881,0.0,,,,,0.0,0.034236,0.01070844,0.852057,0,1,1,0,2,2,DETECTED
short_voice,shortvoice7.wav,Sequential,1%,1,264,113.57483465360592,75.26084371003068,0.0518571252790623,0.05194585407505898,8.872879599668149e-05,0.9992890636359881,0.9996410104917148,0.0003519468557267036,1,0.0,0.0072,0.0044,0.0,0.043681,0.01621078,0.851922,0,1,1,0,2,2,DETECTED
short_voice,shortvoice7.wav,Randomized,1%,1,264,113.5672882662701,75.25329732269486,0.0518571252790623,0.05203569594001541,0.00017857066095311458,0.9992890636359881,0.9992949936781528,5.930042164647986e-06,1,0.0,0.0366,0.0072,0.0,0.03804,0.01216516,0.851787,0,1,1,0,2,2,DETECTED
short_voice,shortvoice7.wav,Adaptive,1%,1,264,113.62802974339203,75.3140387998168,0.0518571252790623,0.05203824494978002,0.00018111967071772483,0.9992890636359881,0.9992506754926469,3.838814334122809e-05,1,0.0,0.1049,0.1737,0.0,0.032957,0.00950068,0.852303,0,1,1,0,2,2,DETECTED
short_voice,shortvoice7.wav,Sequential,5%,1,1484,106.37288197027124,68.05889102669602,0.0518571252790623,0.052562089046313036,0.0007049637672507381,0.9992890636359881,0.9997651166117976,0.00047605297580943784,1,0.0,0.0342,0.0126,0.0,0.052469,0.02078612,0.849812,0,1,1,0,2,2,DETECTED
short_voice,shortvoice7.wav,Randomized,5%,1,1484,106.3214009547165,68.00741001114126,0.0518571252790623,0.05266449606482461,0.0008073707857623111,0.9992890636359881,0.9993614032975988,7.23396616106875e-05,1,0.0,0.0397,0.0194,0.0,0.045878,0.01619092,0.852031,0,1,1,0,2,2,DETECTED
short_voice,shortvoice7.wav,Adaptive,5%,1,1484,106.40826992629994,68.09427898272472,0.0518571252790623,0.05260343897276981,0.0007463136937075135,0.9992890636359881,0.9991543425119694,0.00013472112401868852,1,0.0,0.118,0.1808,0.0,0.037876,0.01242147,0.853874,0,1,1,0,2,2,DETECTED
short_voice,shortvoice7.wav,Sequential,10%,1,3009,103.34034172559755,65.02635078202232,0.0518571252790623,0.05322933431312902,0.001372209034066721,0.9992890636359881,0.9997347375905278,0.0004456739545396493,1,0.0,0.044,0.021,0.0,0.060799,0.02442104,0.850345,0,1,1,0,2,2,DETECTED
short_voice,shortvoice7.wav,Randomized,10%,1,3009,103.30577332026395,64.99178237668873,0.0518571252790623,0.05329672573105327,0.0014396004519909716,0.9992890636359881,0.9994032839750926,0.00011422033910446494,1,0.0,0.0749,0.0551,0.0,0.057585,0.02058598,0.850822,0,1,1,0,2,2,DETECTED
short_voice,shortvoice7.wav,Adaptive,10%,1,3009,103.32248860163567,65.00849765806043,0.0518571252790623,0.05324026230926598,0.0013831370302036794,0.9992890636359881,0.9990409987897892,0.00024806484619888103,1,0.0,0.1302,0.1898,0.0,0.031186,0.01033503,0.855943,0,1,1,0,2,2,DETECTED
short_voice,shortvoice7.wav,Sequential,25%,1,7583,99.35893843551185,61.04494749193662,0.0518571252790623,0.05504134254875364,0.0031842172696913418,0.9992890636359881,0.9993318535946912,4.2789958703104425e-05,1,0.0,0.0849,0.0515,0.333333,0.050994,0.02102638,0.87993,0,1,1,0,2,2,DETECTED
short_voice,shortvoice7.wav,Randomized,25%,1,7583,99.35407735639467,61.04008641281944,0.0518571252790623,0.055182897930544074,0.003325772651481776,0.9992890636359881,0.9995711419041005,0.00028207826811232906,1,0.0,0.1466,0.1189,0.0,0.091657,0.03359147,0.851077,0,1,1,0,2,2,DETECTED
short_voice,shortvoice7.wav,Adaptive,25%,1,7583,99.34807999625176,61.03408905267653,0.0518571252790623,0.05503861771220551,0.00318149243314321,0.9992890636359881,0.9985488611925647,0.0007402024434234322,1,0.0,0.1675,0.2225,0.0,0.042467,0.01542706,0.873636,0,1,1,0,2,2,DETECTED
short_voice,shortvoice7.wav,Sequential,50%,1,15207,96.32381832334049,58.009827379765255,0.0518571252790623,0.057497604663375605,0.005640479384313307,0.9992890636359881,0.9999328341812468,0.0006437705452586595,1,0.0,0.1347,0.1002,0.333333,0.128255,0.05437738,0.912994,0,1,1,0,2,2,DETECTED
short_voice,shortvoice7.wav,Randomized,50%,1,15207,96.32488523740835,58.01089429383313,0.0518571252790623,0.05750977996110784,0.005652654682045545,0.9992890636359881,0.9998208926586482,0.0005318290226600242,1,0.0,0.266,0.225,0.0,0.129665,0.05428187,0.850873,0,1,1,0,2,2,DETECTED
short_voice,shortvoice7.wav,Adaptive,50%,1,15207,96.32965398952228,58.01566304594705,0.0518571252790623,0.05750529655463924,0.005648171275576944,0.9992890636359881,0.9984269808918276,0.0008620827441605527,1,0.0,0.222,0.2767,0.333333,0.076343,0.03014152,0.862545,0,1,1,0,2,2,DETECTED
short_voice,shortvoice8.wav,Control,0%,1,0,,,0.1593504488225575,0.1593504488225575,0.0,0.9999533242450445,0.9999533242450445,0.0,,,,,1.0,0.007639,0.00349685,0.910417,0,0,0,0,0,0,SAFE
short_voice,shortvoice8.wav,Sequential,1%,1,305,113.45108305230599,93.40383200495415,0.1593504488225575,0.15934961264319067,8.361793668310025e-07,0.9999533242450445,0.9999870821534464,3.375790840198789e-05,1,0.0,0.0092,0.0048,1.0,0.00952,0.00481814,0.915021,0,0,0,0,0,0,SAFE
short_voice,shortvoice8.wav,Randomized,1%,1,305,113.26098947796423,93.2137384306124,0.1593504488225575,0.15935127122146225,8.223989047539959e-07,0.9999533242450445,0.9999515446455285,1.7795995159719524e-06,1,0.0,0.0099,0.0069,1.0,0.009144,0.00342188,0.909981,0,0,0,0,0,0,SAFE
short_voice,shortvoice8.wav,Adaptive,1%,1,305,113.27029911672535,93.22304806937352,0.1593504488225575,0.15935008086678612,3.6795577137982427e-07,0.9999533242450445,0.9999447345921706,8.589652873869369e-06,1,0.0,0.1179,0.2,1.0,0.00787,0.00354183,0.910435,0,0,0,0,0,0,SAFE
short_voice,shortvoice8.wav,Sequential,5%,1,1688,106.3983661212163,86.35111507386448,0.1593504488225575,0.15934959732877063,8.514937868686623e-07,0.9999533242450445,0.9999870821534464,3.375790840198789e-05,1,0.0,0.0343,0.0137,1.0,0.011198,0.00533709,0.914612,0,0,0,0,0,0,SAFE
short_voice,shortvoice8.wav,Randomized,5%,1,1688,106.31553245761819,86.26828141026637,0.1593504488225575,0.15934213712521034,8.311697347163083e-06,0.9999533242450445,0.9999549881475637,1.6639025192111134e-06,1,0.0,0.0451,0.0242,1.0,0.010937,0.00421713,0.909808,0,0,0,0,0,0,SAFE
short_voice,shortvoice8.wav,Adaptive,5%,1,1688,106.24717735786959,86.19992631051774,0.1593504488225575,0.15934812863532954,2.3201872279554614e-06,0.9999533242450445,0.9999551528768633,1.8286318188565076e-06,1,0.0,0.1307,0.21,1.0,0.01033,0.0044875,0.910281,0,0,0,0,0,0,SAFE
short_voice,shortvoice8.wav,Sequential,10%,1,3416,103.30304091287483,83.25578986552301,0.1593504488225575,0.15934989219358223,5.56628975273421e-07,0.9999533242450445,0.9999886231266482,3.5298881603695875e-05,1,0.0,0.0496,0.026,1.0,0.010127,0.00493091,0.913123,0,0,0,0,0,0,SAFE
short_voice,shortvoice8.wav,Randomized,10%,1,3416,103.35056373698062,83.30331268962878,0.1593504488225575,0.15934715769617744,3.291126380061682e-06,0.9999533242450445,0.9999681898551006,1.4865610056147283e-05,1,0.0,0.0725,0.0488,1.0,0.012963,0.00532204,0.909563,0,0,0,0,0,0,SAFE
short_voice,shortvoice8.wav,Adaptive,10%,1,3416,103.31244123000604,83.26519018265421,0.1593504488225575,0.1593269731472822,2.347567527530292e-05,0.9999533242450445,0.9999682591210096,1.4934875965155747e-05,1,0.0,0.1459,0.2217,1.0,0.009751,0.00420962,0.909963,0,0,0,0,0,0,SAFE
short_voice,shortvoice8.wav,Sequential,25%,1,8600,99.36130165015979,79.31405060280797,0.1593504488225575,0.15935097036454643,5.21541988929286e-07,0.9999533242450445,0.9999997932999637,4.646905491922926e-05,1,0.0,0.0946,0.0696,1.0,0.020284,0.00729728,0.911543,0,1,0,0,1,1,SUSPICIOUS
short_voice,shortvoice8.wav,Randomized,25%,1,8600,99.35612674399857,79.30887569664675,0.1593504488225575,0.15934467579381506,5.773028742439568e-06,0.9999533242450445,0.9999803777144495,2.7053469405013963e-05,1,0.0,0.1518,0.1184,1.0,0.01713,0.00768266,0.909945,0,1,0,0,1,1,SUSPICIOUS
short_voice,shortvoice8.wav,Adaptive,25%,1,8600,99.36231210731164,79.3150610599598,0.1593504488225575,0.15938479871524,3.434989268250033e-05,0.9999533242450445,0.9999497317513313,3.5924937131781576e-06,1,0.0,0.192,0.256,1.0,0.005237,0.00187245,0.908392,0,0,0,0,0,0,SAFE
short_voice,shortvoice8.wav,Sequential,50%,1,17240,96.33725758724539,76.29000653989357,0.1593504488225575,0.15934676666012895,3.682162428547686e-06,0.9999533242450445,0.9999906386880442,3.731444299970299e-05,1,0.0,0.1664,0.116,1.0,0.027315,0.00792462,0.91463,0,1,0,0,1,1,SUSPICIOUS
short_voice,shortvoice8.wav,Randomized,50%,1,17240,96.3299619011323,76.28271085378046,0.1593504488225575,0.15936954329061817,1.9094468060670833e-05,0.9999533242450445,0.9999712979482618,1.7973703217322168e-05,1,0.0,0.3055,0.255,1.0,0.015799,0.00603737,0.915293,0,0,0,0,0,0,SAFE
short_voice,shortvoice8.wav,Adaptive,50%,1,17240,96.33455172213887,76.28730067478703,0.1593504488225575,0.15939164478346723,4.119596090973454e-05,0.9999533242450445,0.9999563787206499,3.0544756054462496e-06,1,0.0,0.2816,0.3198,1.0,0.014062,0.00190982,0.907906,0,0,0,0,0,0,SAFE
short_voice,shortvoice9.wav,Control,0%,1,0,,,0.13125521972395507,0.13125521972395507,0.0,0.9990415506182673,0.9990415506182673,0.0,,,,,0.0,0.009215,0.00354092,0.837003,0,0,0,0,0,0,SAFE
short_voice,shortvoice9.wav,Sequential,1%,1,184,113.78576905002983,93.05388879627463,0.13125521972395507,0.13142379766055115,0.00016857793659608156,0.9990415506182673,0.999455753921955,0.000414203303687688,1,0.0,0.0065,0.0027,0.5,0.000134,0.00864557,0.849828,0,0,1,0,1,1,SUSPICIOUS
short_voice,shortvoice9.wav,Randomized,1%,1,184,113.51963151876348,92.7877512650083,0.13125521972395507,0.1315978522887117,0.0003426325647566397,0.9990415506182673,0.9990485630436658,7.012425398578159e-06,1,0.0,0.008,0.004,0.0,0.007123,0.00443299,0.837814,0,0,0,0,0,0,SAFE
short_voice,shortvoice9.wav,Adaptive,1%,1,184,113.42946333556972,92.69758308181453,0.13125521972395507,0.13164319015728046,0.00038797043332539083,0.9990415506182673,0.9990567116436165,1.5161025349264001e-05,1,0.0,0.0675,0.1281,0.0,0.009482,0.00310816,0.836765,0,0,0,0,0,0,SAFE
short_voice,shortvoice9.wav,Sequential,5%,1,1083,106.41208853881325,85.68020828505806,0.13125521972395507,0.13295394378266523,0.0016987240587101604,0.9990415506182673,0.9995896675158296,0.0005481168975622897,1,0.0,0.0308,0.0093,0.5,0.018741,0.01720926,0.855327,0,1,1,0,2,2,DETECTED
short_voice,shortvoice9.wav,Randomized,5%,1,1083,106.42195214700281,85.69007189324763,0.13125521972395507,0.13295049830333003,0.0016952785793749592,0.9990415506182673,0.9990798001301111,3.824951184383529e-05,1,0.0,0.0232,0.016,0.5,0.001647,0.00813164,0.841103,0,0,0,0,0,0,SAFE
short_voice,shortvoice9.wav,Adaptive,5%,1,1083,106.30119881715713,85.56931856340194,0.13125521972395507,0.13290679950762568,0.0016515797836706148,0.9990415506182673,0.9991295871919628,8.803657369549356e-05,1,0.0,0.0902,0.1369,0.0,0.007879,0.00387209,0.837543,0,0,0,0,0,0,SAFE
short_voice,shortvoice9.wav,Sequential,10%,1,2206,103.37086383736684,82.63898358361163,0.13125521972395507,0.1343400377480903,0.0030848180241352385,0.9990415506182673,0.999622310856036,0.0005807602377687626,1,0.0,0.0232,0.017,0.5,0.017539,0.0157878,0.855104,0,1,1,0,2,2,DETECTED
short_voice,shortvoice9.wav,Randomized,10%,1,2206,103.37135299035705,82.63947273660186,0.13125521972395507,0.13439697549566643,0.0031417557717113576,0.9990415506182673,0.9992858759407599,0.0002443253224926334,1,0.0,0.0629,0.0292,0.5,0.005921,0.01132584,0.845029,0,0,1,0,1,1,SUSPICIOUS
short_voice,shortvoice9.wav,Adaptive,10%,1,2206,103.37477860479274,82.64289835103754,0.13125521972395507,0.1344002150836673,0.0031449953597122438,0.9990415506182673,0.9990538054549732,1.2254836705971606e-05,1,0.0,0.0982,0.1389,0.5,0.004808,0.00459882,0.837893,0,0,0,0,0,0,SAFE
short_voice,shortvoice9.wav,Sequential,25%,1,5576,99.34214749850757,78.6102672447524,0.13125521972395507,0.13751802761328916,0.006262807889334088,0.9990415506182673,0.9996347002790802,0.0005931496608129194,1,0.0,0.067,0.0385,0.5,0.024306,0.01672633,0.855311,0,1,1,0,2,2,DETECTED
short_voice,shortvoice9.wav,Randomized,25%,1,5576,99.35765041914739,78.6257701653922,0.13125521972395507,0.13756093584601273,0.0063057161220576585,0.9990415506182673,0.9995256892936492,0.0004841386753818844,1,0.0,0.1126,0.0865,1.0,0.026932,0.02082514,0.860094,0,1,1,0,2,2,DETECTED
short_voice,shortvoice9.wav,Adaptive,25%,1,5576,99.39156157683708,78.65968132308188,0.13125521972395507,0.13749842976176985,0.006243210037814778,0.9990415506182673,0.999194709502114,0.00015315888384670462,1,0.0,0.126,0.162,0.5,0.001647,0.00828577,0.839641,0,0,0,0,0,0,SAFE
short_voice,shortvoice9.wav,Sequential,50%,1,11192,96.35697068319098,75.62509042943577,0.13125521972395507,0.14104320378593876,0.009787984061983696,0.9990415506182673,0.9996208396899914,0.0005792890717241095,1,0.0,0.1133,0.0783,0.5,0.021368,0.01520203,0.828392,0,1,1,0,2,2,DETECTED
short_voice,shortvoice9.wav,Randomized,50%,1,11192,96.33271811380389,75.6008378600487,0.13125521972395507,0.14115465684875622,0.009899437124801153,0.9990415506182673,0.9998709160435562,0.000829365425288886,1,0.0,0.1974,0.1563,1.0,0.074208,0.04397599,0.883185,0,1,1,0,2,2,DETECTED
short_voice,shortvoice9.wav,Adaptive,50%,1,11192,96.33010692135633,75.59822666760114,0.13125521972395507,0.14125430431448802,0.009999084590532947,0.9990415506182673,0.9993237622265828,0.00028221160831554126,1,0.0,0.1716,0.2004,0.5,0.034054,0.01693511,0.823141,0,1,1,0,2,2,DETECTED
speech,speech1.wav,Control,0%,1,0,,,0.11358655353305029,0.11358655353305029,0.0,0.9999988554693069,0.9999988554693069,0.0,,,,,0.984615,0.001027,0.00023539,0.977351,0,0,0,0,0,0,SAFE
speech,speech1.wav,Sequential,1%,1,5362,113.34010639097357,86.68286479163,0.11358655353305029,0.1137500382402834,0.00016348470723311082,0.9999988554693069,0.9999997130258172,8.575565103585703e-07,1,0.0,0.1268,0.0703,1.0,0.001758,0.0006704,0.978033,0,0,0,0,0,0,SAFE
speech,speech1.wav,Randomized,1%,1,5362,113.30831486273112,86.65107326338756,0.11358655353305029,0.11378032809946984,0.00019377456641954394,0.9999988554693069,0.9999989613810913,1.0591178445373828e-07,1,0.0,0.1669,0.1086,0.984615,0.001196,0.00039444,0.977362,0,0,0,0,0,0,SAFE
speech,speech1.wav,Adaptive,1%,1,5362,113.33728000432369,86.68003840498011,0.11358655353305029,0.11377394966269662,0.0001873961296463278,0.9999988554693069,0.9999987984323249,5.703698202630392e-08,1,0.0,2.1128,3.9779,0.984615,0.001296,0.00030471,0.977485,0,0,0,0,0,0,SAFE
speech,speech1.wav,Sequential,5%,1,26972,106.31372592031697,79.65648432097339,0.11358655353305029,0.11445436155560222,0.0008678080225519302,0.9999988554693069,0.9999997620998728,9.06630565955524e-07,1,0.0,0.3099,0.2153,1.0,0.003428,0.00107203,0.977987,0,0,0,0,0,0,SAFE
speech,speech1.wav,Randomized,5%,1,26972,106.32917276073852,79.67193116139495,0.11358655353305029,0.11444782463615225,0.0008612711031019543,0.9999988554693069,0.9999993858118165,5.303425095748437e-07,1,0.0,0.5184,0.4363,0.984615,0.003128,0.00093938,0.977406,0,0,0,0,0,0,SAFE
speech,speech1.wav,Adaptive,5%,1,26972,106.32712339625581,79.66988179691224,0.11358655353305029,0.11444859894080286,0.0008620454077525735,0.9999988554693069,0.9999987846064133,7.086289355306974e-08,1,0.0,2.2959,4.139,0.984615,0.001625,0.00034696,0.977649,0,0,0,0,0,0,SAFE
speech,speech1.wav,Sequential,10%,1,53984,103.31810920233698,76.66086760299342,0.11358655353305029,0.11516081159336719,0.0015742580603168993,0.9999988554693069,0.9999999093623503,1.0538930433900973e-06,1,0.0,0.5424,0.4008,0.984615,0.005923,0.00205294,0.978376,0,0,0,0,0,0,SAFE
speech,speech1.wav,Randomized,10%,1,53984,103.32042051418942,76.66317891484584,0.11358655353305029,0.1151704219200418,0.0015838683869915104,0.9999988554693069,0.999999184970817,3.2950151007682393e-07,1,0.0,0.9925,0.8646,0.984615,0.003604,0.00142067,0.977375,0,0,0,0,0,0,SAFE
speech,speech1.wav,Adaptive,10%,1,53984,103.31316913093997,76.65592753159639,0.11358655353305029,0.11516377319525893,0.0015772196622086398,0.9999988554693069,0.9999984162234759,4.392458310409353e-07,1,0.0,2.5405,4.375,0.984615,0.001014,3.132e-05,0.977555,0,0,0,0,0,0,SAFE
speech,speech1.wav,Sequential,25%,1,135020,99.34603718995054,72.68879559060696,0.11358655353305029,0.11685396164529498,0.003267408112244685,0.9999988554693069,0.9999999687193248,1.11325001794782e-06,1,0.0,1.2505,0.9487,1.0,0.008259,0.00274467,0.97813,0,0,0,0,0,0,SAFE
speech,speech1.wav,Randomized,25%,1,135020,99.33433907457001,72.67709747522645,0.11358655353305029,0.11685654436860468,0.00326999083555439,0.9999988554693069,0.9999998549563717,9.994870647789256e-07,1,0.0,2.4857,2.2642,0.984615,0.007998,0.00270412,0.977531,0,0,0,0,0,0,SAFE
speech,speech1.wav,Adaptive,25%,1,135020,99.34340538257335,72.68616378322977,0.11358655353305029,0.11685522964540991,0.0032686761123596197,0.9999988554693069,0.999999096094738,2.406254311360101e-07,1,0.0,3.3161,5.0099,0.984615,0.005586,0.00186051,0.977316,0,0,0,0,0,0,SAFE
speech,speech1.wav,Sequential,50%,1,270080,96.32790686260732,69.67066526326374,0.11358655353305029,0.11879013558750831,0.00520358205445802,0.9999988554693069,0.9999999878026994,1.1323333924950774e-06,1,0.0,2.4684,1.8897,0.984615,0.01926,0.00590923,0.978158,0,1,0,0,1,1,SUSPICIOUS
speech,speech1.wav,Randomized,50%,1,270080,96.33218024570301,69.67493864635944,0.11358655353305029,0.11880909420735984,0.00522254067430955,0.9999988554693069,0.9999999208087607,1.0653394537651906e-06,1,0.0,5.4402,4.9389,0.984615,0.021146,0.0061493,0.977754,0,1,0,0,1,1,SUSPICIOUS
speech,speech1.wav,Adaptive,50%,1,270080,96.32697475448967,69.66973315514609,0.11358655353305029,0.1187801450206655,0.0051935914876152095,0.9999988554693069,0.9999997246952871,8.692259801934554e-07,1,0.0,4.683,6.2193,0.984615,0.015536,0.00464018,0.977059,0,0,0,0,0,0,SAFE
speech,speech10.wav,Control,0%,1,0,,,0.24421408280272766,0.24421408280272766,0.0,0.9999998518007355,0.9999998518007355,0.0,,,,,1.0,0.003055,-0.00256642,0.921823,0,0,0,0,0,0,SAFE
speech,speech10.wav,Sequential,1%,1,853,113.48888095068115,95.54368275015884,0.24421408280272766,0.24472489076359474,0.0005108079608670824,0.9999998518007355,0.9999988309343087,1.0208664267263856e-06,1,0.0,0.0342,0.0142,1.0,0.001679,-0.00200141,0.923672,0,0,0,0,0,0,SAFE
speech,speech10.wav,Randomized,1%,1,853,113.46619575495123,95.52099755442893,0.24421408280272766,0.2447576952601796,0.0005436124574519363,0.9999998518007355,0.9999997982843318,5.351640364192889e-08,1,0.0,0.0422,0.018,1.0,0.001914,-0.00206229,0.922077,0,0,0,0,0,0,SAFE
speech,speech10.wav,Adaptive,1%,1,853,113.31063306193437,95.36543486141207,0.24421408280272766,0.24473985329822096,0.000525770495493294,0.9999998518007355,0.9999997939926291,5.780810641287104e-08,1,0.0,0.3079,0.5644,1.0,0.002999,-0.00255194,0.921774,0,0,0,0,0,0,SAFE
speech,speech10.wav,Sequential,5%,1,4427,106.30205482924737,88.35685662872507,0.24421408280272766,0.24654087883972906,0.002326796037001394,0.9999998518007355,0.9999999647572174,1.1295648194575847e-07,1,0.0,0.067,0.0371,1.0,0.000101,-0.00129354,0.923906,0,0,0,0,0,0,SAFE
speech,speech10.wav,Randomized,5%,1,4427,106.35771411661064,88.41251591608832,0.24421408280272766,0.24653370290715726,0.0023196201044295983,0.9999998518007355,0.9999996356796129,2.1612112255375848e-07,1,0.0,0.0813,0.0691,1.0,0.001847,-0.00113674,0.922228,0,0,0,0,0,0,SAFE
speech,speech10.wav,Adaptive,5%,1,4427,106.33794513530967,88.39274693478737,0.24421408280272766,0.2466015169897943,0.002387434187066634,0.9999998518007355,0.9999999975096833,1.4570894779630805e-07,1,0.0,0.3514,0.6049,1.0,0.002843,-0.00176073,0.92243,0,0,0,0,0,0,SAFE
speech,speech10.wav,Sequential,10%,1,8895,103.31330198534077,85.36810378481846,0.24421408280272766,0.24862465800410197,0.004410575201374306,0.9999998518007355,0.9999998004132421,5.1387493371635173e-08,1,0.0,0.0958,0.0688,1.0,0.001735,-0.00059631,0.923639,0,0,0,0,0,0,SAFE
speech,speech10.wav,Randomized,10%,1,8895,103.32131861069232,85.37612041017,0.24421408280272766,0.2485345918518138,0.004320509049086152,0.9999998518007355,0.9999999266118881,7.481115260610238e-08,1,0.0,0.1621,0.1256,1.0,0.004734,0.00027949,0.922611,0,0,0,0,0,0,SAFE
speech,speech10.wav,Adaptive,10%,1,8895,103.3023940167311,85.35719581620879,0.24421408280272766,0.24850792199766308,0.004293839194935423,0.9999998518007355,0.9999998368023638,1.499837165575002e-08,1,0.0,0.3855,0.6464,1.0,0.000481,-0.00156636,0.922268,0,0,0,0,0,0,SAFE
speech,speech10.wav,Sequential,25%,1,22298,99.3537518366804,81.4085536361581,0.24421408280272766,0.25279754167125273,0.008583458868525073,0.9999998518007355,0.9999991144635023,7.373372331587191e-07,1,0.0,0.2303,0.166,1.0,0.010252,0.00300666,0.924666,0,0,0,0,0,0,SAFE
speech,speech10.wav,Randomized,25%,1,22298,99.33793265442928,81.39273445390698,0.24421408280272766,0.2528197913545047,0.008605708551777058,0.9999998518007355,0.9999999552702961,1.0346956058615575e-07,1,0.0,0.4742,0.4009,1.0,0.016653,0.00429647,0.923396,0,1,0,0,1,1,SUSPICIOUS
speech,speech10.wav,Adaptive,25%,1,22298,99.32827481358011,81.38307661305781,0.24421408280272766,0.2527351551330928,0.008521072330365143,0.9999998518007355,0.9999994289550411,4.228456943478065e-07,1,0.0,0.5261,0.7504,1.0,0.00639,0.00117137,0.923403,0,0,0,0,0,0,SAFE
speech,speech10.wav,Sequential,50%,1,44636,96.33926027145039,78.39406207092809,0.24421408280272766,0.25722750829659546,0.013013425493867803,0.9999998518007355,0.9999989363577733,9.15442962212687e-07,1,0.0,0.4349,0.3243,1.0,0.022842,0.00650545,0.926638,0,1,0,0,1,1,SUSPICIOUS
speech,speech10.wav,Randomized,50%,1,44636,96.32974669739623,78.38454849687392,0.24421408280272766,0.257457955775641,0.01324387297291335,0.9999998518007355,0.9999999885648719,1.3676413646024344e-07,1,0.0,0.8686,0.7764,1.0,0.028819,0.01168405,0.925102,0,1,1,0,2,2,DETECTED
speech,speech10.wav,Adaptive,50%,1,44636,96.32777845783397,78.38258025731167,0.24421408280272766,0.2574344870227453,0.013220404220017634,0.9999998518007355,0.9999948821162713,4.969684464173341e-06,1,0.0,0.7312,0.9208,1.0,0.008058,0.00134351,0.92316,0,0,0,0,0,0,SAFE
speech,speech11.wav,Control,0%,1,0,,,0.22777869242427193,0.22777869242427193,0.0,0.9999972028644915,0.9999972028644915,0.0,,,,,0.964286,0.003457,-0.00094569,0.940603,0,0,0,0,0,0,SAFE
speech,speech11.wav,Sequential,1%,1,2276,113.35094058124066,98.63344731060842,0.22777869242427193,0.2278201218269463,4.142940267437556e-05,0.9999972028644915,0.999998634763173,1.4318986815142765e-06,1,0.0,0.0509,0.032,0.964286,0.002357,-0.00047523,0.941354,0,0,0,0,0,0,SAFE
speech,speech11.wav,Randomized,1%,1,2276,113.30585770423366,98.58836443360141,0.22777869242427193,0.22782674588254667,4.805345827474383e-05,0.9999972028644915,0.9999978634695962,6.606051047297612e-07,1,0.0,0.0743,0.0452,0.964286,0.003815,-0.00110241,0.940602,0,0,0,0,0,0,SAFE
speech,speech11.wav,Adaptive,1%,1,2276,113.34056767586233,98.62307440523008,0.22777869242427193,0.22782239212350497,4.3699699233040734e-05,0.9999972028644915,0.9999973599921128,1.5712762135855485e-07,1,0.0,0.8505,1.6102,0.964286,0.00353,-0.00068294,0.940733,0,0,0,0,0,0,SAFE
speech,speech11.wav,Sequential,5%,1,11544,106.33788929102562,91.62039602039337,0.22777869242427193,0.2280530077760986,0.0002743153518266761,0.9999972028644915,0.9999978634695962,6.606051047297612e-07,1,0.0,0.1299,0.0927,1.0,0.000807,-1.625e-05,0.941207,0,0,0,0,0,0,SAFE
speech,speech11.wav,Randomized,5%,1,11544,106.34446766065014,91.62697439001789,0.22777869242427193,0.2280425394376869,0.0002638470134149751,0.9999972028644915,0.9999981330058269,9.301413353979271e-07,1,0.0,0.2205,0.1743,0.964286,0.004307,-0.00103,0.940576,0,0,0,0,0,0,SAFE
speech,speech11.wav,Adaptive,5%,1,11544,106.3451260459882,91.62763277535595,0.22777869242427193,0.22808096217428098,0.00030226975000904877,0.9999972028644915,0.9999974397862608,2.369217693143355e-07,1,0.0,0.9227,1.6762,0.964286,0.004955,-0.00135414,0.940347,0,0,0,0,0,0,SAFE
speech,speech11.wav,Sequential,10%,1,23129,103.3220055440691,88.60451227343685,0.22777869242427193,0.22832697669269625,0.0005482842684243205,0.9999972028644915,0.9999979140681092,7.112036177758796e-07,1,0.0,0.2382,0.179,1.0,0.000186,0.00027734,0.94114,0,0,0,0,0,0,SAFE
speech,speech11.wav,Randomized,10%,1,23129,103.32463231583274,88.60713904520048,0.22777869242427193,0.22834831169788009,0.0005696192736081573,0.9999972028644915,0.9999989948700055,1.7920055140896451e-06,1,0.0,0.4085,0.3519,0.964286,0.005257,-0.00115752,0.940848,0,0,0,0,0,0,SAFE
speech,speech11.wav,Adaptive,10%,1,23129,103.33774299620565,88.62024972557342,0.22777869242427193,0.22839407959924576,0.000615387174973836,0.9999972028644915,0.9999981279937621,9.251292706347058e-07,1,0.0,1.0504,1.7665,0.964286,0.005162,-0.00128717,0.940233,0,0,0,0,0,0,SAFE
speech,speech11.wav,Sequential,25%,1,57884,99.33358334814558,84.61609007751333,0.22777869242427193,0.22931222903195114,0.0015335366076792145,0.9999972028644915,0.9999988464329904,1.6435684989657418e-06,1,0.0,0.572,0.4258,0.964286,0.000449,-0.0002512,0.940894,0,0,0,0,0,0,SAFE
speech,speech11.wav,Randomized,25%,1,57884,99.33944605528791,84.62195278465566,0.22777869242427193,0.22928784770144175,0.001509155277169827,0.9999972028644915,0.9999997702841885,2.5674196970637553e-06,1,0.0,1.2129,1.1155,0.964286,0.004622,0.00017332,0.940829,0,0,0,0,0,0,SAFE
speech,speech11.wav,Adaptive,25%,1,57884,99.3384152938047,84.62092202317245,0.22777869242427193,0.22938798530480206,0.0016092928805301332,0.9999972028644915,0.9999984920142545,1.2891497630507232e-06,1,0.0,1.3891,2.0451,0.964286,0.001718,-0.00098569,0.94021,0,0,0,0,0,0,SAFE
speech,speech11.wav,Sequential,50%,1,115808,96.32615756408129,81.60866429344904,0.22777869242427193,0.2308505229677388,0.0030718305434668802,0.9999972028644915,0.9999999800827705,2.7772182790153366e-06,1,0.0,1.1139,0.8333,1.0,0.003095,0.00132632,0.940778,0,0,0,0,0,0,SAFE
speech,speech11.wav,Randomized,50%,1,115808,96.3330746050859,81.61558133445365,0.22777869242427193,0.23077177075721897,0.002993078332947041,0.9999972028644915,0.9999995978392173,2.3949747258722454e-06,1,0.0,2.306,2.0967,1.0,0.001623,0.00034886,0.940469,0,0,0,0,0,0,SAFE
speech,speech11.wav,Adaptive,50%,1,115808,96.32715975870512,81.60966648807288,0.22777869242427193,0.23080328092415386,0.003024588499881936,0.9999972028644915,0.9999990474521538,1.8445876623918167e-06,1,0.0,1.9485,2.5334,0.964286,0.002391,-0.00058883,0.940043,0,0,0,0,0,0,SAFE
speech,speech2.wav,Control,0%,1,0,,,0.07059241100848826,0.07059241100848826,0.0,0.999992328543123,0.999992328543123,0.0,,,,,0.888889,0.006062,-0.00050685,0.938117,0,0,0,0,0,0,SAFE
speech,speech2.wav,Sequential,1%,1,753,113.36824500971458,84.16600683834714,0.07059241100848826,0.07095950360991304,0.0003670926014247844,0.999992328543123,0.9999997905942414,7.462051118345414e-06,1,0.0,0.0321,0.0114,1.0,0.001008,0.00180951,0.942016,0,0,0,0,0,0,SAFE
speech,speech2.wav,Randomized,1%,1,753,113.35166886432776,84.14943069296031,0.07059241100848826,0.07101410355532504,0.0004216925468367855,0.999992328543123,0.9999924172298962,8.868677314755047e-08,1,0.0,0.0388,0.0158,0.888889,0.004814,-0.0001425,0.937922,0,0,0,0,0,0,SAFE
speech,speech2.wav,Adaptive,1%,1,753,113.36962921524632,84.16739104387887,0.07059241100848826,0.0710360474393513,0.00044363643086303695,0.999992328543123,0.9999922840063774,4.453674562476806e-08,1,0.0,0.2806,0.5056,0.888889,0.006541,-0.00053334,0.93839,0,0,0,0,0,0,SAFE
speech,speech2.wav,Sequential,5%,1,3927,106.35508072306204,77.15284255169459,0.07059241100848826,0.07265248420910997,0.0020600732006217093,0.999992328543123,0.9999999835001933,7.654957070224455e-06,1,0.0,0.0599,0.0322,0.888889,0.00034,0.00238857,0.942083,0,0,0,0,0,0,SAFE
speech,speech2.wav,Randomized,5%,1,3927,106.30961878440847,77.10738061304102,0.07059241100848826,0.07264278163530173,0.002050370626813472,0.999992328543123,0.99999427636421,1.9478210869783297e-06,1,0.0,0.0737,0.0629,0.888889,0.000668,0.00223209,0.939126,0,0,0,0,0,0,SAFE
speech,speech2.wav,Adaptive,5%,1,3927,106.34188612139971,77.13964795003226,0.07059241100848826,0.07262805855127166,0.002035647542783403,0.999992328543123,0.999995907012857,3.578469733978018e-06,1,0.0,0.3189,0.529,0.888889,0.007045,-0.00134056,0.938593,0,0,0,0,0,0,SAFE
speech,speech2.wav,Sequential,10%,1,7894,103.35029037048378,74.14805219911631,0.07059241100848826,0.07434666971443664,0.0037542587059483795,0.999992328543123,0.999999733245949,7.404702826008247e-06,1,0.0,0.0934,0.0577,0.888889,0.000315,0.00227204,0.941611,0,0,0,0,0,0,SAFE
speech,speech2.wav,Randomized,10%,1,7894,103.34244129960003,74.14020312823257,0.07059241100848826,0.07435194305688206,0.003759532048393799,0.999992328543123,0.9999894107648843,2.9177782386868856e-06,1,0.0,0.147,0.1165,0.888889,0.002609,0.00371554,0.940099,0,0,0,0,0,0,SAFE
speech,speech2.wav,Adaptive,10%,1,7894,103.32555201032076,74.12331383895331,0.07059241100848826,0.07432333832929414,0.003730927320805877,0.999992328543123,0.9999916624182592,6.661248638240025e-07,1,0.0,0.3415,0.5592,0.888889,0.002029,0.00117463,0.937838,0,0,0,0,0,0,SAFE
speech,speech2.wav,Sequential,25%,1,19796,99.32613478908328,70.12389661771583,0.07059241100848826,0.07834254250357414,0.007750131495085882,0.999992328543123,0.9999988078886455,6.479345522447666e-06,1,0.0,0.2021,0.1404,0.888889,0.010032,0.00373223,0.94094,0,0,0,0,0,0,SAFE
speech,speech2.wav,Randomized,25%,1,19796,99.33137626543235,70.1291380940649,0.07059241100848826,0.07839525290748893,0.00780284189900067,0.999992328543123,0.9999941992789709,1.8707358478975422e-06,1,0.0,0.4039,0.3544,1.0,0.018325,0.01043586,0.941155,0,1,1,0,2,2,DETECTED
speech,speech2.wav,Adaptive,25%,1,19796,99.34116636122934,70.1389281898619,0.07059241100848826,0.07828132493741312,0.007688913928924859,0.999992328543123,0.9999898075570601,2.5209860629038516e-06,1,0.0,0.4473,0.6612,0.888889,0.003718,0.00316834,0.938018,0,0,0,0,0,0,SAFE
speech,speech2.wav,Sequential,50%,1,39632,96.33549566549816,67.1332574941307,0.07059241100848826,0.08295422115166153,0.012361810143173266,0.999992328543123,0.9999961837002234,3.855157100329798e-06,1,0.0,0.3724,0.2824,1.0,0.013712,0.00619189,0.940947,0,0,0,0,0,0,SAFE
speech,speech2.wav,Randomized,50%,1,39632,96.33475574815775,67.13251757679029,0.07059241100848826,0.08293116896788791,0.012338757959399649,0.999992328543123,0.9999982024871206,5.873943997536379e-06,1,0.0,0.7576,0.6826,1.0,0.032756,0.01647393,0.944614,0,1,1,0,2,2,DETECTED
speech,speech2.wav,Adaptive,50%,1,39632,96.33519420247536,67.13295603110791,0.07059241100848826,0.08296356538920818,0.012371154380719923,0.999992328543123,0.9999967948457438,4.466302620742546e-06,1,0.0,0.6423,0.8031,0.888889,0.008406,0.00413301,0.938291,0,0,0,0,0,0,SAFE
speech,speech3.wav,Control,0%,1,0,,,0.16428834589325228,0.16428834589325228,0.0,0.9844164276414176,0.9844164276414176,0.0,,,,,0.291667,0.002604,0.00016406,0.806826,0,0,0,0,0,0,SAFE
speech,speech3.wav,Sequential,1%,1,1957,113.30715570707375,90.20115918223722,0.16428834589325228,0.16468057150056142,0.00039222560730914346,0.9844164276414176,0.984618846057986,0.0002024184165684284,1,0.0,0.0566,0.0267,0.291667,0.00366,0.00048635,0.806839,0,0,0,0,0,0,SAFE
speech,speech3.wav,Randomized,1%,1,1957,113.37710775880993,90.2711112339734,0.16428834589325228,0.16464218871230654,0.00035384281905426196,0.9844164276414176,0.9846982755026663,0.00028184786124874073,1,0.0,0.0651,0.0402,0.291667,0.005863,0.00202281,0.806714,0,0,0,0,0,0,SAFE
speech,speech3.wav,Adaptive,1%,1,1957,113.27851783342427,90.17252130858776,0.16428834589325228,0.164697219388858,0.00040887349560572717,0.9844164276414176,0.9844830726879188,6.66450465012236e-05,1,0.0,0.7253,1.3928,0.291667,0.003284,0.00051621,0.80673,0,0,0,0,0,0,SAFE
speech,speech3.wav,Sequential,5%,1,9946,106.36027692245202,83.25428039761549,0.16428834589325228,0.16600308614095508,0.001714740247702795,0.9844164276414176,0.9851488788526571,0.0007324512112395487,1,0.0,0.1153,0.0845,0.333333,0.008301,0.00289307,0.806639,0,0,0,0,0,0,SAFE
speech,speech3.wav,Randomized,5%,1,9946,106.36652284818032,83.26052632334381,0.16428834589325228,0.16601304051138033,0.0017246946181280476,0.9844164276414176,0.9859459644449847,0.0015295368035671553,1,0.0,0.1936,0.1543,0.291667,0.01866,0.00917186,0.806602,0,1,1,0,2,2,DETECTED
speech,speech3.wav,Adaptive,5%,1,9946,106.3588536701699,83.25285714533338,0.16428834589325228,0.16606525226549979,0.0017769063722475054,0.9844164276414176,0.9846352785147109,0.0002188508732933192,1,0.0,0.7973,1.4199,0.291667,0.004957,0.00172206,0.806916,0,0,0,0,0,0,SAFE
speech,speech3.wav,Sequential,10%,1,19932,103.32611712158338,80.22012059674687,0.16428834589325228,0.16728838285508824,0.0030000369618359557,0.9844164276414176,0.9871032590725142,0.0026868314310966035,1,0.0,0.2005,0.1471,0.375,0.018866,0.00959348,0.806262,0,1,1,0,2,2,DETECTED
speech,speech3.wav,Randomized,10%,1,19932,103.33009375353392,80.2240972286974,0.16428834589325228,0.16740743493916005,0.003119089045907769,0.9844164276414176,0.9873823452961205,0.0029659176547028876,1,0.0,0.3488,0.3032,0.291667,0.033971,0.01838577,0.806597,0,1,1,0,2,2,DETECTED
speech,speech3.wav,Adaptive,10%,1,19932,103.3174682722595,80.21147174742299,0.16428834589325228,0.16743486902211804,0.0031465231288657636,0.9844164276414176,0.9849995211302536,0.0005830934888360062,1,0.0,0.8704,1.4906,0.291667,0.00753,0.00366411,0.806865,0,0,0,0,0,0,SAFE
speech,speech3.wav,Sequential,25%,1,49892,99.33913340273142,76.2331368778949,0.16428834589325228,0.17025914726578323,0.005970801372530948,0.9844164276414176,0.9893297398517216,0.0049133122103039994,1,0.0,0.4717,0.3581,0.375,0.035138,0.01798677,0.806162,0,1,1,0,2,2,DETECTED
speech,speech3.wav,Randomized,25%,1,49892,99.3388290283009,76.2328325034644,0.16428834589325228,0.1704050689475901,0.00611672305433783,0.9844164276414176,0.9912081376546349,0.0067917100132173225,1,0.0,1.0504,0.9487,0.291667,0.0699,0.04035445,0.84398,0,1,1,0,2,2,DETECTED
speech,speech3.wav,Adaptive,25%,1,49892,99.33963349275342,76.23363696791691,0.16428834589325228,0.17052588245661562,0.006237536563363344,0.9844164276414176,0.9860932455079239,0.0016768178665063083,1,0.0,1.166,1.7286,0.291667,0.019376,0.01014297,0.806552,0,1,1,0,2,2,DETECTED
speech,speech3.wav,Sequential,50%,1,99824,96.33613395016646,73.23013742532994,0.16428834589325228,0.1734100097544455,0.00912166386119323,0.9844164276414176,0.9947399601247887,0.010323532483371145,1,0.0,0.9481,0.7072,0.5,0.076514,0.04237733,0.871283,0,1,1,0,2,2,DETECTED
speech,speech3.wav,Randomized,50%,1,99824,96.3269423219354,73.22094579709889,0.16428834589325228,0.17352850615756218,0.009240160264309905,0.9844164276414176,0.9960949330716117,0.011678505430194108,1,0.0,1.9597,1.7855,0.458333,0.122507,0.07397526,0.88289,0,1,1,0,2,2,DETECTED
speech,speech3.wav,Adaptive,50%,1,99824,96.33797461255573,73.23197808771921,0.16428834589325228,0.17374976657124372,0.009461420677991439,0.9844164276414176,0.9886769324602019,0.004260504818784372,1,0.0,1.6225,2.081,0.333333,0.043254,0.02418521,0.806162,0,1,1,0,2,2,DETECTED
speech,speech4.wav,Control,0%,1,0,,,0.016114263235010483,0.016114263235010483,0.0,0.9999958475673112,0.9999958475673112,0.0,,,,,0.977273,0.000632,5.925e-05,0.965517,0,0,0,0,0,0,SAFE
speech,speech4.wav,Sequential,1%,1,3617,113.33344343806625,90.14944791514829,0.016114263235010483,0.016131685507621438,1.742227261095422e-05,0.9999958475673112,0.9999994708361754,3.623268864161311e-06,1,0.0,0.0444,0.0281,0.977273,0.001859,0.00088058,0.967038,0,0,0,0,0,0,SAFE
speech,speech4.wav,Randomized,1%,1,3617,113.35015512706259,90.16615960414462,0.016114263235010483,0.016131524642447822,1.7261407437338394e-05,0.9999958475673112,0.999996273753125,4.261858138621122e-07,1,0.0,0.0689,0.0407,0.977273,0.000643,-8.06e-05,0.965577,0,0,0,0,0,0,SAFE
speech,speech4.wav,Adaptive,1%,1,3617,113.35015512706259,90.16615960414462,0.016114263235010483,0.016132797762370733,1.8534527360249825e-05,0.9999958475673112,0.9999955318292845,3.157380267237997e-07,1,0.0,0.7693,1.445,0.977273,0.001252,0.00023913,0.965475,0,0,0,0,0,0,SAFE
speech,speech4.wav,Sequential,5%,1,18246,106.31459261771684,83.13059709479887,0.016114263235010483,0.016208166444624434,9.390320961395054e-05,0.9999958475673112,0.9999993030433059,3.4554759946736624e-06,1,0.0,0.1279,0.0794,0.977273,0.001821,0.00060114,0.967108,0,0,0,0,0,0,SAFE
speech,speech4.wav,Randomized,5%,1,18246,106.30891587404835,83.12492035113038,0.016114263235010483,0.016213502482812937,9.923924780245313e-05,0.9999958475673112,0.9999958333588126,1.4208498599899144e-08,1,0.0,0.1996,0.1566,0.977273,0.001561,0.00045768,0.96576,0,0,0,0,0,0,SAFE
speech,speech4.wav,Adaptive,5%,1,18246,106.32608706902886,83.14209154611089,0.016114263235010483,0.016213390521166406,9.912728615592281e-05,0.9999958475673112,0.9999948682794733,9.79287837932219e-07,1,0.0,0.8489,1.5102,0.977273,0.001296,0.00046389,0.965746,0,0,0,0,0,0,SAFE
speech,speech4.wav,Sequential,10%,1,36533,103.31400763021422,80.13001210729627,0.016114263235010483,0.016326996059570015,0.00021273282455953196,0.9999958475673112,0.9999992835216505,3.435954339270353e-06,1,0.0,0.2148,0.1499,1.0,0.002067,0.000286,0.967185,0,0,0,0,0,0,SAFE
speech,speech4.wav,Randomized,10%,1,36533,103.33073385226831,80.14673832935034,0.016114263235010483,0.016325894334105705,0.00021163109909522193,0.9999958475673112,0.9999961926275888,3.4506027757341684e-07,1,0.0,0.379,0.322,0.977273,0.003795,0.00083503,0.9656,0,0,0,0,0,0,SAFE
speech,speech4.wav,Adaptive,10%,1,36533,103.32386325570948,80.13986773279152,0.016114263235010483,0.016326710702606842,0.0002124474675963585,0.9999958475673112,0.9999958806261009,3.305878970571996e-08,1,0.0,0.9561,1.6067,0.977273,0.003073,0.00093649,0.965729,0,0,0,0,0,0,SAFE
speech,speech4.wav,Sequential,25%,1,91394,99.33728890834666,76.1532933854287,0.016114263235010483,0.016733116716355766,0.0006188534813452821,0.9999958475673112,0.9999990167503895,3.169183078299831e-06,1,0.0,0.4785,0.3606,1.0,0.003732,0.00045286,0.967582,0,0,0,0,0,0,SAFE
speech,speech4.wav,Randomized,25%,1,91394,99.34044697344973,76.15645145053178,0.016114263235010483,0.016735919158126583,0.0006216559231160997,0.9999958475673112,0.9999974138855005,1.5663181892611178e-06,1,0.0,1.2543,1.1545,0.977273,0.007191,0.00169358,0.966219,0,0,0,0,0,0,SAFE
speech,speech4.wav,Adaptive,25%,1,91394,99.35249480960732,76.16849928668937,0.016114263235010483,0.016738555480735128,0.000624292245724644,0.9999958475673112,0.9999985655462457,2.717978934474452e-06,1,0.0,1.2525,1.8883,0.977273,0.00493,0.0018125,0.965486,0,0,0,0,0,0,SAFE
speech,speech4.wav,Sequential,50%,1,182828,96.32809282617741,73.14409730325944,0.016114263235010483,0.01745419503460838,0.0013399317995978974,0.9999958475673112,0.9999989273012876,3.0797339763966036e-06,1,0.0,0.9177,0.7006,0.977273,0.009012,0.00273852,0.965113,0,0,0,0,0,0,SAFE
speech,speech4.wav,Randomized,50%,1,182828,96.32797411653402,73.14397859361607,0.016114263235010483,0.017471185445948514,0.001356922210938031,0.9999958475673112,0.9999992396248883,3.3920575771562156e-06,1,0.0,2.2901,2.143,0.977273,0.008965,0.00203658,0.965022,0,0,0,0,0,0,SAFE
speech,speech4.wav,Adaptive,50%,1,182828,96.32857363341797,73.14457811050002,0.016114263235010483,0.01746916388457322,0.001354900649562736,0.9999958475673112,0.999997965308978,2.117741666807227e-06,1,0.0,1.7389,2.2624,0.977273,0.006007,0.00143856,0.966515,0,0,0,0,0,0,SAFE
speech,speech5.wav,Control,0%,1,0,,,0.10083550305963385,0.10083550305963385,0.0,0.9999999943639967,0.9999999943639967,0.0,,,,,0.975,0.006219,0.00175308,0.965119,0,0,0,0,0,0,SAFE
speech,speech5.wav,Sequential,1%,1,3269,113.3448598366169,89.31028460423805,0.10083550305963385,0.10148665702581611,0.0006511539661822607,0.9999999943639967,0.9999998112978346,1.8306616211827276e-07,1,0.0,0.0447,0.0205,0.975,0.007491,0.00209916,0.965099,0,0,0,0,0,0,SAFE
speech,speech5.wav,Randomized,1%,1,3269,113.31591115011989,89.28133591774102,0.10083550305963385,0.10152943852770925,0.0006939354680754045,0.9999999943639967,0.9999999927171258,1.6468708619044037e-09,1,0.0,0.0519,0.0337,0.975,0.006125,0.00184364,0.965112,0,0,0,0,0,0,SAFE
speech,speech5.wav,Adaptive,1%,1,3269,113.32345867786768,89.2888834454888,0.10083550305963385,0.10152011024790378,0.0006846071882699312,0.9999999943639967,1.0,5.6360033307001345e-09,1,0.0,0.6875,1.2903,0.975,0.006781,0.0019799,0.965022,0,0,0,0,0,0,SAFE
speech,speech5.wav,Sequential,5%,1,16505,106.32949102899023,82.29491579661136,0.10083550305963385,0.10400820321209386,0.0031727001524600174,0.9999999943639967,0.9999999706490574,2.3714939234587007e-08,1,0.0,0.0985,0.0733,0.975,0.008543,0.00234939,0.965172,0,0,0,0,0,0,SAFE
speech,speech5.wav,Randomized,5%,1,16505,106.32247501448548,82.28789978210662,0.10083550305963385,0.10399166105389758,0.0031561579942637336,0.9999999943639967,0.9999999992029146,4.838917933014386e-09,1,0.0,0.1774,0.1448,0.975,0.007621,0.0022967,0.96521,0,0,0,0,0,0,SAFE
speech,speech5.wav,Adaptive,5%,1,16505,106.3422406302492,82.30766539787032,0.10083550305963385,0.10396072161407494,0.0031252185544410893,0.9999999943639967,0.9999999559754387,3.838855799909169e-08,1,0.0,0.7354,1.3386,0.975,0.006709,0.00182894,0.965178,0,0,0,0,0,0,SAFE
speech,speech5.wav,Sequential,10%,1,33051,103.30785306777159,79.27327783539272,0.10083550305963385,0.10656516689341555,0.005729663833781706,0.9999999943639967,0.999999999495646,5.1316493276942765e-09,1,0.0,0.1903,0.1307,0.975,0.010226,0.00305191,0.965185,0,0,0,0,0,0,SAFE
speech,speech5.wav,Randomized,10%,1,33051,103.31135616888791,79.27678093650904,0.10083550305963385,0.10653640275117034,0.00570089969153649,0.9999999943639967,0.9999999978656554,3.5016587407454836e-09,1,0.0,0.3334,0.286,0.975,0.008431,0.00303329,0.965352,0,0,0,0,0,0,SAFE
speech,speech5.wav,Adaptive,10%,1,33051,103.33233558849551,79.29776035611665,0.10083550305963385,0.10656429207893219,0.005728789019298339,0.9999999943639967,0.9999998452892496,1.4907474710224022e-07,1,0.0,0.824,1.4159,0.975,0.006104,0.00188003,0.964534,0,0,0,0,0,0,SAFE
speech,speech5.wav,Sequential,25%,1,82688,99.34847505201208,75.3138998196332,0.10083550305963385,0.11231261247297293,0.011477109413339084,0.9999999943639967,0.9999999614484022,3.2915594472271437e-08,1,0.0,0.4191,0.3193,0.975,0.015264,0.00525729,0.965121,0,0,0,0,0,0,SAFE
speech,speech5.wav,Randomized,25%,1,82688,99.33681271280264,75.30223748042377,0.10083550305963385,0.11232613884843791,0.011490635788804063,0.9999999943639967,0.9999999821874458,1.2176550878706394e-08,1,0.0,1.1269,1.0265,1.0,0.013127,0.00521521,0.964157,0,0,0,0,0,0,SAFE
speech,speech5.wav,Adaptive,25%,1,82688,99.34141874653982,75.30684351416095,0.10083550305963385,0.11231650695239635,0.011481003892762506,0.9999999943639967,0.9999989234860164,1.0708779802914847e-06,1,0.0,1.1242,1.656,0.975,0.007531,0.00187229,0.964392,0,0,0,0,0,0,SAFE
speech,speech5.wav,Sequential,50%,1,165416,96.32724729450467,72.2926720621258,0.10083550305963385,0.1187667096986838,0.017931206639049957,0.9999999943639967,0.9999999862119864,8.152010289030898e-09,1,0.0,0.8445,0.6263,0.975,0.01734,0.00541942,0.96444,0,1,0,0,1,1,SUSPICIOUS
speech,speech5.wav,Randomized,50%,1,165416,96.33274716113276,72.29817192875389,0.10083550305963385,0.11872944205564377,0.017893938996009925,0.9999999943639967,0.9999994899768284,5.043871682541834e-07,1,0.0,2.0818,1.9641,1.0,0.018515,0.00665265,0.964343,0,1,0,0,1,1,SUSPICIOUS
speech,speech5.wav,Adaptive,50%,1,165416,96.33061333108304,72.29603809870417,0.10083550305963385,0.11875774794615278,0.01792224488651893,0.9999999943639967,0.9999984759127986,1.5184511981125581e-06,1,0.0,1.567,2.036,0.975,0.012463,0.00419618,0.965224,0,0,0,0,0,0,SAFE
speech,speech6.wav,Control,0%,1,0,,,0.016230720461824263,0.016230720461824263,0.0,0.9783537346866936,0.9783537346866936,0.0,,,,,0.309524,0.000472,0.00149391,0.789105,0,0,0,0,0,0,SAFE
speech,speech6.wav,Sequential,1%,1,3519,113.32042761337797,84.88868166412821,0.016230720461824263,0.01624533093775454,1.4610475930276062e-05,0.9783537346866936,0.9807968592033299,0.002443124516636308,1,0.0,0.0382,0.0264,0.309524,0.009391,0.00808227,0.789105,0,0,0,0,0,0,SAFE
speech,speech6.wav,Randomized,1%,1,3519,113.33479053020866,84.9030445809589,0.016230720461824263,0.01625832092925264,2.7600467428376407e-05,0.9783537346866936,0.978815243561837,0.00046150887514340155,1,0.0,0.0731,0.042,0.309524,0.004129,0.00420119,0.78901,0,0,0,0,0,0,SAFE
speech,speech6.wav,Adaptive,1%,1,3519,113.32073271329864,84.88898676404888,0.016230720461824263,0.0162579229538555,2.7202492031235675e-05,0.9783537346866936,0.978545352570051,0.00019161788335742003,1,0.0,0.7498,1.4014,0.309524,0.000803,0.00231221,0.789173,0,0,0,0,0,0,SAFE
speech,speech6.wav,Sequential,5%,1,17759,106.3217671973101,77.89002124806034,0.016230720461824263,0.016336274521077585,0.00010555405925332176,0.9783537346866936,0.9844397712481573,0.00608603656146367,1,0.0,0.1203,0.076,0.309524,0.02808,0.02031125,0.788988,0,1,1,0,2,2,DETECTED
speech,speech6.wav,Randomized,5%,1,17759,106.31027381623065,77.8785278669809,0.016230720461824263,0.016381140153068765,0.00015041969124450147,0.9783537346866936,0.9804477806321534,0.0020940459454598104,1,0.0,0.1914,0.1578,0.309524,0.022371,0.01524529,0.788814,0,1,1,0,2,2,DETECTED
speech,speech6.wav,Adaptive,5%,1,17759,106.33335213005913,77.90160618080938,0.016230720461824263,0.016384333899022732,0.00015361343719846876,0.9783537346866936,0.9792751657059579,0.0009214310192642294,1,0.0,0.8154,1.4718,0.309524,0.009441,0.00703937,0.789031,0,0,0,0,0,0,SAFE
speech,speech6.wav,Sequential,10%,1,35558,103.32580050554623,74.89405455629648,0.016230720461824263,0.01651102731710632,0.000280306855282058,0.9783537346866936,0.9853516645186372,0.006997929831943583,1,0.0,0.1977,0.148,0.333333,0.03522,0.02467522,0.788587,0,1,1,0,2,2,DETECTED
speech,speech6.wav,Randomized,10%,1,35558,103.32265533582694,74.89090938657719,0.016230720461824263,0.01656909129157015,0.0003383708297458876,0.9783537346866936,0.9825049652927975,0.004151230606103895,1,0.0,0.3636,0.3157,0.309524,0.045448,0.02922253,0.788602,0,1,1,0,2,2,DETECTED
speech,speech6.wav,Adaptive,10%,1,35558,103.30970172930532,74.87795578005557,0.016230720461824263,0.016565670146876196,0.0003349496850519329,0.9783537346866936,0.9801214349556427,0.001767700268949124,1,0.0,0.9152,1.5614,0.309524,0.01931,0.01340148,0.788884,0,1,1,0,2,2,DETECTED
speech,speech6.wav,Sequential,25%,1,88957,99.34915049127252,70.91740454202278,0.016230720461824263,0.017088328452313267,0.0008576079904890031,0.9783537346866936,0.9893997397822201,0.011046005095526445,1,0.0,0.4544,0.345,0.428571,0.071086,0.04488231,0.787612,0,1,1,0,2,2,DETECTED
speech,speech6.wav,Randomized,25%,1,88957,99.33594161788477,70.90419566863503,0.016230720461824263,0.017172721667875052,0.0009420012060507889,0.9783537346866936,0.9877925851263916,0.009438850439697943,1,0.0,1.2307,1.1085,0.357143,0.103708,0.06802616,0.787019,0,1,1,0,2,2,DETECTED
speech,speech6.wav,Adaptive,25%,1,88957,99.34130821779583,70.90956226854608,0.016230720461824263,0.01719961533085161,0.000968894869027348,0.9783537346866936,0.9834188689952802,0.005065134308586572,1,0.0,1.2137,1.8547,0.309524,0.0536,0.0348983,0.787963,0,1,1,0,2,2,DETECTED
speech,speech6.wav,Sequential,50%,1,177954,96.33516583410942,67.90341988485966,0.016230720461824263,0.018094566310006607,0.0018638458481823432,0.9783537346866936,0.993722522752299,0.015368788065605377,1,0.0,0.893,0.6817,0.380952,0.12231,0.0766969,0.785988,0,1,1,0,2,2,DETECTED
speech,speech6.wav,Randomized,50%,1,177954,96.33442682620898,67.90268087695922,0.016230720461824263,0.01817538204498744,0.0019446615831631778,0.9783537346866936,0.9945636792452756,0.016209944558581935,1,0.0,2.2669,2.108,0.380952,0.184767,0.12100621,0.785493,0,1,1,0,2,2,DETECTED
speech,speech6.wav,Adaptive,50%,1,177954,96.32871444792323,67.89696849867347,0.016230720461824263,0.01823732624402912,0.002006605782204858,0.9783537346866936,0.9896453281578955,0.0112915934712019,1,0.0,1.7511,2.2493,0.357143,0.12808,0.08370434,0.85207,0,1,1,0,2,2,DETECTED
speech,speech7.wav,Control,0%,1,0,,,0.007399112879960377,0.007399112879960377,0.0,0.9999983326686194,0.9999983326686194,0.0,,,,,1.0,0.000903,-0.0005392,0.961619,0,0,0,0,0,0,SAFE
speech,speech7.wav,Sequential,1%,1,1477,113.34057616517653,85.21971174135089,0.007399112879960377,0.00746353205836952,6.441917840914295e-05,0.9999983326686194,0.9999996001516903,1.267483070943598e-06,1,0.0,0.0175,0.0109,1.0,0.00029,-0.00013942,0.961595,0,0,0,0,0,0,SAFE
speech,speech7.wav,Randomized,1%,1,1477,113.32407259623122,85.2032081724056,0.007399112879960377,0.007469001726839481,6.988884687910389e-05,0.9999983326686194,0.999998154742413,1.7792620632395284e-07,1,0.0,0.0368,0.0173,1.0,2.6e-05,-0.00018256,0.961631,0,0,0,0,0,0,SAFE
speech,speech7.wav,Adaptive,1%,1,1477,113.36870461158286,85.24784018775722,0.007399112879960377,0.007465012574338476,6.589969437809876e-05,0.9999983326686194,0.9999978791008087,4.535678106432073e-07,1,0.0,0.2979,0.5584,1.0,0.000488,-0.00050437,0.961645,0,0,0,0,0,0,SAFE
speech,speech7.wav,Sequential,5%,1,7548,106.35749514972522,78.2366307258996,0.007399112879960377,0.007721486858924324,0.0003223739789639463,0.9999983326686194,0.9999994122677384,1.079599118991581e-06,1,0.0,0.0627,0.0393,1.0,0.000909,0.00056803,0.961851,0,0,0,0,0,0,SAFE
speech,speech7.wav,Randomized,5%,1,7548,106.339388742478,78.21852431865236,0.007399112879960377,0.007718069816873702,0.0003189569369133243,0.9999983326686194,0.9999987723661892,4.396975697984473e-07,1,0.0,0.0817,0.0636,1.0,0.000507,-0.0004994,0.961608,0,0,0,0,0,0,SAFE
speech,speech7.wav,Adaptive,5%,1,7548,106.34211424508801,78.22124982126238,0.007399112879960377,0.007718402669888488,0.0003192897899281103,0.9999983326686194,0.9999988546417724,5.219731530337057e-07,1,0.0,0.3465,0.5708,1.0,0.00031,-0.0005508,0.961421,0,0,0,0,0,0,SAFE
speech,speech7.wav,Sequential,10%,1,15137,103.31863299951748,75.19776857569185,0.007399112879960377,0.008017424278390682,0.0006183113984303051,0.9999983326686194,0.99999916034469,8.276760706804609e-07,1,0.0,0.0985,0.0615,1.0,0.000349,-8.631e-05,0.961696,0,0,0,0,0,0,SAFE
speech,speech7.wav,Randomized,10%,1,15137,103.315200971823,75.19433654799738,0.007399112879960377,0.008013092978306142,0.0006139800983457648,0.9999983326686194,0.9999989137469492,5.810783297865996e-07,1,0.0,0.158,0.127,1.0,0.000745,-0.00086575,0.961807,0,0,0,0,0,0,SAFE
speech,speech7.wav,Adaptive,10%,1,15137,103.31934834679043,75.1984839229648,0.007399112879960377,0.008012317662137038,0.0006132047821766603,0.9999983326686194,0.9999980074882685,3.2518035086859243e-07,1,0.0,0.3693,0.6056,1.0,0.000764,-0.0004596,0.961498,0,0,0,0,0,0,SAFE
speech,speech7.wav,Sequential,25%,1,37904,99.32261284211471,71.20174841828909,0.007399112879960377,0.008767971453645499,0.0013688585736851217,0.9999983326686194,0.9999977885093597,5.441592596522327e-07,1,0.0,0.2063,0.1469,1.0,0.002003,0.00034871,0.961122,0,0,0,0,0,0,SAFE
speech,speech7.wav,Randomized,25%,1,37904,99.34077821054888,71.21991378672324,0.007399112879960377,0.008764974673312742,0.001365861793352365,0.9999983326686194,0.9999992403832648,9.077146454483653e-07,1,0.0,0.3806,0.3379,1.0,0.001674,-4.316e-05,0.961248,0,0,0,0,0,0,SAFE
speech,speech7.wav,Adaptive,25%,1,37904,99.3391184681671,71.21825404434146,0.007399112879960377,0.008768545053468052,0.0013694321735076747,0.9999983326686194,0.9999988784717273,5.458031079319525e-07,1,0.0,0.5029,0.7219,1.0,0.001278,0.00023577,0.960913,0,0,0,0,0,0,SAFE
speech,speech7.wav,Sequential,50%,1,75848,96.332038417678,68.21117399385238,0.007399112879960377,0.00978915848954977,0.0023900456095893923,0.9999983326686194,0.9999995822635731,1.2495949537338902e-06,1,0.0,0.3926,0.2917,1.0,0.005205,0.00180096,0.961764,0,0,0,0,0,0,SAFE
speech,speech7.wav,Randomized,50%,1,75848,96.32165741822503,68.20079299439941,0.007399112879960377,0.009784770991306695,0.0023856581113463173,0.9999983326686194,0.9999996837209013,1.3510522819393245e-06,1,0.0,0.915,0.8393,1.0,0.013948,0.00412026,0.961599,0,0,0,0,0,0,SAFE
speech,speech7.wav,Adaptive,50%,1,75848,96.32808899789798,68.20722457407234,0.007399112879960377,0.00978288779567925,0.002383774915718873,0.9999983326686194,0.999995249342313,3.0833263063856364e-06,1,0.0,0.6811,0.8836,1.0,0.002965,-0.00057236,0.960989,0,0,0,0,0,0,SAFE
speech,speech8.wav,Control,0%,1,0,,,0.05462976250461546,0.05462976250461546,0.0,0.9997948205712219,0.9997948205712219,0.0,,,,,0.777778,0.004097,0.00083831,0.906479,0,0,0,0,0,0,SAFE
speech,speech8.wav,Sequential,1%,1,2232,113.3590089761708,90.1674128059819,0.05462976250461546,0.054976460275320826,0.00034669777070536756,0.9997948205712219,0.999806430885794,1.1610314572085834e-05,1,0.0,0.0356,0.0167,0.740741,0.004172,0.00597175,0.909576,0,0,0,0,0,0,SAFE
speech,speech8.wav,Randomized,1%,1,2232,113.36093831641533,90.16934214622644,0.05462976250461546,0.05517027600821964,0.0005405135036041786,0.9997948205712219,0.999799981345892,5.16077467005438e-06,1,0.0,0.044,0.0246,0.777778,0.000264,0.00302838,0.907063,0,0,0,0,0,0,SAFE
speech,speech8.wav,Adaptive,1%,1,2232,113.31486907750056,90.12327290731167,0.05462976250461546,0.05515498243307906,0.000525219928463598,0.9997948205712219,0.9998013007871337,6.4802159117638425e-06,1,0.0,0.461,0.8432,0.777778,0.003358,0.00153124,0.906628,0,0,0,0,0,0,SAFE
speech,speech8.wav,Sequential,5%,1,11321,106.32488263262665,83.13328646243775,0.05462976250461546,0.05684772505555712,0.0022179625509416642,0.9997948205712219,0.9998012217438065,6.401172584546977e-06,1,0.0,0.0758,0.0461,0.777778,0.010866,0.00960689,0.910013,0,0,1,0,1,1,SUSPICIOUS
speech,speech8.wav,Randomized,5%,1,11321,106.32459624999882,83.13300007980992,0.05462976250461546,0.05704621847378618,0.0024164559691707208,0.9997948205712219,0.9998224660026531,2.7645431431189138e-05,1,0.0,0.1238,0.0917,0.777778,0.016675,0.01240407,0.909582,0,1,1,0,2,2,DETECTED
speech,speech8.wav,Adaptive,5%,1,11321,106.32154267643725,83.12994650624836,0.05462976250461546,0.05702273050658682,0.002392968001971363,0.9997948205712219,0.9997886712965846,6.149274637379243e-06,1,0.0,0.5023,0.8824,0.814815,0.002988,0.00442881,0.907468,0,0,0,0,0,0,SAFE
speech,speech8.wav,Sequential,10%,1,22683,103.32040988904609,80.1288137188572,0.05462976250461546,0.058739070404576786,0.004109307899961327,0.9997948205712219,0.999829760577357,3.494000613502024e-05,1,0.0,0.1368,0.0905,0.814815,0.01807,0.01327615,0.910543,0,1,1,0,2,2,DETECTED
speech,speech8.wav,Randomized,10%,1,22683,103.30561831590926,80.11402214572036,0.05462976250461546,0.05898131783391547,0.004351555329300011,0.9997948205712219,0.9998375220987192,4.270152749730194e-05,1,0.0,0.2278,0.2073,0.777778,0.035448,0.02361275,0.912075,0,1,1,0,2,2,DETECTED
speech,speech8.wav,Adaptive,10%,1,22683,103.3010003139126,80.10940414372371,0.05462976250461546,0.0589512527525086,0.004321490247893141,0.9997948205712219,0.9997987370893603,3.916518138358249e-06,1,0.0,0.5508,0.9536,0.777778,0.007393,0.00679594,0.908378,0,0,0,0,0,0,SAFE
speech,speech8.wav,Sequential,25%,1,56768,99.3414877896273,76.1498916194384,0.05462976250461546,0.06283169622834575,0.008201933723730293,0.9997948205712219,0.9998347709167662,3.995034554427068e-05,1,0.0,0.2925,0.2181,0.777778,0.054121,0.03529345,0.920034,0,1,1,0,2,2,DETECTED
speech,speech8.wav,Randomized,25%,1,56768,99.34345765236074,76.15186148217184,0.05462976250461546,0.06313518760569395,0.00850542510107849,0.9997948205712219,0.9998959354904613,0.00010111491923936455,1,0.0,0.73,0.6732,0.703704,0.086471,0.05506325,0.921226,0,1,1,0,2,2,DETECTED
speech,speech8.wav,Adaptive,25%,1,56768,99.34592602292805,76.15432985273915,0.05462976250461546,0.0632735764692053,0.008643813964589839,0.9997948205712219,0.9998220424103593,2.72218391373924e-05,1,0.0,0.7334,1.0963,0.814815,0.026348,0.01836324,0.910392,0,1,1,0,2,2,DETECTED
speech,speech8.wav,Sequential,50%,1,113576,96.32657267463617,73.13497650444728,0.05462976250461546,0.06757385279115861,0.012944090286543156,0.9997948205712219,0.9998734240330039,7.860346178201194e-05,1,0.0,0.5621,0.4322,0.814815,0.098987,0.05828484,0.890384,0,1,1,0,2,2,DETECTED
speech,speech8.wav,Randomized,50%,1,113576,96.32184793719642,73.13025176700754,0.05462976250461546,0.06780893154299016,0.013179169038374697,0.9997948205712219,0.9999524571327376,0.00015763656151568384,1,0.0,1.3577,1.272,0.703704,0.157605,0.10150119,0.935603,0,1,1,0,2,2,DETECTED
speech,speech8.wav,Adaptive,50%,1,113576,96.32775705075291,73.136160880564,0.05462976250461546,0.0680337406598897,0.013403978155274235,0.9997948205712219,0.9998652644657648,7.044389454291533e-05,1,0.0,1.0249,1.3186,0.703704,0.072252,0.04386171,0.898629,0,1,1,0,2,2,DETECTED
speech,speech9.wav,Control,0%,1,0,,,0.24059194138627946,0.24059194138627946,0.0,0.9999929533458407,0.9999929533458407,0.0,,,,,1.0,0.001664,0.00011171,0.934549,0,0,0,0,0,0,SAFE
speech,speech9.wav,Sequential,1%,1,1474,113.35983868009288,95.55831820527898,0.24059194138627946,0.24104861693026552,0.00045667554398606813,0.9999929533458407,0.9999962496762874,3.296330446711515e-06,1,0.0,0.0203,0.0121,1.0,0.000198,0.00101498,0.934333,0,0,0,0,0,0,SAFE
speech,speech9.wav,Randomized,1%,1,1474,113.26816361768384,95.46664314286994,0.24059194138627946,0.241081983704023,0.0004900423177435498,0.9999929533458407,0.9999941757052194,1.2223593787163978e-06,1,0.0,0.039,0.0169,1.0,0.001565,-6.98e-06,0.934382,0,0,0,0,0,0,SAFE
speech,speech9.wav,Adaptive,1%,1,1474,113.25754603073368,95.45602555591978,0.24059194138627946,0.24107849751286833,0.00048655612658887737,0.9999929533458407,0.9999928111814878,1.4216435295644203e-07,1,0.0,0.2971,0.5402,1.0,0.000773,0.00032821,0.934369,0,0,0,0,0,0,SAFE
speech,speech9.wav,Sequential,5%,1,7530,106.36536402298813,88.56384354817423,0.24059194138627946,0.24263366046012086,0.0020417190738414026,0.9999929533458407,0.9999961126642368,3.1593183961176052e-06,1,0.0,0.0478,0.0326,1.0,0.003949,0.00212484,0.933296,0,0,0,0,0,0,SAFE
speech,speech9.wav,Randomized,5%,1,7530,106.3432955068354,88.5417750320215,0.24059194138627946,0.2427642719719429,0.0021723305856634345,0.9999929533458407,0.9999957217565678,2.7684107271053193e-06,1,0.0,0.0873,0.0615,1.0,0.001526,0.00144008,0.9337,0,0,0,0,0,0,SAFE
speech,speech9.wav,Adaptive,5%,1,7530,106.33223140546295,88.53071093064905,0.24059194138627946,0.24276551017733736,0.0021735687910579005,0.9999929533458407,0.9999931088230354,1.5547719467434717e-07,1,0.0,0.3303,0.5802,1.0,0.001103,0.00094154,0.934497,0,0,0,0,0,0,SAFE
speech,speech9.wav,Sequential,10%,1,15101,103.31669660861385,85.51517613379997,0.24059194138627946,0.24448584069082502,0.0038938993045455617,0.9999929533458407,0.9999971304408656,4.177095024870958e-06,1,0.0,0.0949,0.0594,1.0,0.010276,0.00490115,0.932545,0,0,0,0,0,0,SAFE
speech,speech9.wav,Randomized,10%,1,15101,103.33256395319458,85.5310434783807,0.24059194138627946,0.2444763130798947,0.003884371693615246,0.9999929533458407,0.9999963360740074,3.38272816668983e-06,1,0.0,0.1531,0.1291,1.0,0.004966,0.00242459,0.934247,0,0,0,0,0,0,SAFE
speech,speech9.wav,Adaptive,10%,1,15101,103.3043873557682,85.50286688095431,0.24059194138627946,0.2444796655780931,0.0038877241918136574,0.9999929533458407,0.9999966253871779,3.6720413372215432e-06,1,0.0,0.3564,0.6002,1.0,0.001327,0.00164139,0.934202,0,0,0,0,0,0,SAFE
speech,speech9.wav,Sequential,25%,1,37814,99.33625031061405,81.53472983580015,0.24059194138627946,0.2483378888007874,0.007745947414507931,0.9999929533458407,0.9999984528642653,5.499518424545435e-06,1,0.0,0.2035,0.1432,1.0,0.016801,0.00660417,0.930387,0,1,0,0,1,1,SUSPICIOUS
speech,speech9.wav,Randomized,25%,1,37814,99.34778688785683,81.54626641304293,0.24059194138627946,0.248418443274566,0.007826501888286541,0.9999929533458407,0.9999965684763058,3.6151304650955396e-06,1,0.0,0.3744,0.3246,1.0,0.016722,0.00602999,0.936054,0,1,0,0,1,1,SUSPICIOUS
speech,speech9.wav,Adaptive,25%,1,37814,99.33719618933824,81.53567571452434,0.24059194138627946,0.24837169184784247,0.007779750461563012,0.9999929533458407,0.9999986322294111,5.678883570392479e-06,1,0.0,0.4684,0.7029,1.0,0.003844,0.0033091,0.934712,0,0,0,0,0,0,SAFE
speech,speech9.wav,Sequential,50%,1,75668,96.33187265340221,78.53035217858833,0.24059194138627946,0.2525151990157484,0.01192325762946897,0.9999929533458407,0.9999988761076214,5.922761780685626e-06,1,0.0,0.3881,0.2879,1.0,0.031674,0.01269588,0.928558,0,1,1,0,2,2,DETECTED
speech,speech9.wav,Randomized,50%,1,75668,96.33719957968691,78.53567910487301,0.24059194138627946,0.2524499889319383,0.011858047545658862,0.9999929533458407,0.999996195166435,3.241820594301892e-06,1,0.0,0.9135,0.8281,1.0,0.037182,0.01516091,0.939525,0,1,1,0,2,2,DETECTED
speech,speech9.wav,Adaptive,50%,1,75668,96.33273370813991,78.53121323332603,0.24059194138627946,0.2525143105593673,0.011922369173087838,0.9999929533458407,0.9999977148286346,4.761482793935734e-06,1,0.0,0.6797,0.8614,1.0,0.024495,0.0108516,0.931787,0,1,1,0,2,2,DETECTED
